old_url,new_url,status,reason,url_type,source_domain
https://makler-realty.com,https://makler-realty.com,200_candidate,Default preservation candidate; verify equivalent migrated content before launch.,page,makler-realty.com
https://makler-realty.com/,https://makler-realty.com/,200_candidate,Default preservation candidate; verify equivalent migrated content before launch.,page,makler-realty.com
https://makler-realty.com/%D0%BF%D0%BE%D0%BB%D0%B8%D1%82%D0%B8%D0%BA%D0%B0-%D0%B7%D0%B0-%D0%B7%D0%B0%D1%89%D0%B8%D1%82%D0%B0-%D0%BD%D0%B0-%D0%BB%D0%B8%D1%87%D0%BD%D0%B8%D1%82%D0%B5-%D0%B4%D0%B0%D0%BD%D0%BD%D0%B8/,https://makler-realty.com/%D0%BF%D0%BE%D0%BB%D0%B8%D1%82%D0%B8%D0%BA%D0%B0-%D0%B7%D0%B0-%D0%B7%D0%B0%D1%89%D0%B8%D1%82%D0%B0-%D0%BD%D0%B0-%D0%BB%D0%B8%D1%87%D0%BD%D0%B8%D1%82%D0%B5-%D0%B4%D0%B0%D0%BD%D0%BD%D0%B8/,200_candidate,Default preservation candidate; verify equivalent migrated content before launch.,page,makler-realty.com
https://makler-realty.com/%d0%b2%d0%be%d0%bf%d1%80%d0%be%d1%81-%d0%be%d1%82%d0%b2%d0%b5%d1%82-%d0%bd%d0%b5%d0%b4%d0%b2%d0%b8%d0%b6%d0%b8%d0%bc%d0%be%d1%81%d1%82%d1%8c-%d0%b1%d0%be%d0%bb%d0%b3%d0%b0%d1%80%d0%b8%d1%8f/,https://makler-realty.com/%d0%b2%d0%be%d0%bf%d1%80%d0%be%d1%81-%d0%be%d1%82%d0%b2%d0%b5%d1%82-%d0%bd%d0%b5%d0%b4%d0%b2%d0%b8%d0%b6%d0%b8%d0%bc%d0%be%d1%81%d1%82%d1%8c-%d0%b1%d0%be%d0%bb%d0%b3%d0%b0%d1%80%d0%b8%d1%8f/,200_candidate,Default preservation candidate; verify equivalent migrated content before launch.,page,makler-realty.com
https://makler-realty.com/%d0%b3%d0%bb%d0%b0%d0%b2%d0%bd%d0%b0%d1%8f/,https://makler-realty.com/%d0%b3%d0%bb%d0%b0%d0%b2%d0%bd%d0%b0%d1%8f/,200_candidate,Default preservation candidate; verify equivalent migrated content before launch.,page,makler-realty.com
https://makler-realty.com/%d0%ba%d0%be%d0%bd%d1%82%d0%b0%d0%ba%d1%82%d0%b8/,https://makler-realty.com/%d0%ba%d0%be%d0%bd%d1%82%d0%b0%d0%ba%d1%82%d0%b8/,200_candidate,Default preservation candidate; verify equivalent migrated content before launch.,page,makler-realty.com
https://makler-realty.com/%d0%bd%d0%b5%d0%b4%d0%b2%d0%b8%d0%b6%d0%b8%d0%bc%d0%be%d1%81%d1%82%d1%8c-%d0%b2-%d0%b1%d0%be%d0%bb%d0%b3%d0%b0%d1%80%d0%b8%d0%b8/,https://makler-realty.com/%d0%bd%d0%b5%d0%b4%d0%b2%d0%b8%d0%b6%d0%b8%d0%bc%d0%be%d1%81%d1%82%d1%8c-%d0%b2-%d0%b1%d0%be%d0%bb%d0%b3%d0%b0%d1%80%d0%b8%d0%b8/,200_candidate,Default preservation candidate; verify equivalent migrated content before launch.,page,makler-realty.com
https://makler-realty.com/%d0%bd%d0%b5%d0%b4%d0%b2%d0%b8%d0%b6%d0%b8%d0%bc%d0%be%d1%81%d1%82%d1%8c-%d1%81%d0%be%d0%bb%d0%bd%d0%b5%d1%87%d0%bd%d1%8b%d0%b9-%d0%b1%d0%b5%d1%80%d0%b5%d0%b3/,https://makler-realty.com/%d0%bd%d0%b5%d0%b4%d0%b2%d0%b8%d0%b6%d0%b8%d0%bc%d0%be%d1%81%d1%82%d1%8c-%d1%81%d0%be%d0%bb%d0%bd%d0%b5%d1%87%d0%bd%d1%8b%d0%b9-%d0%b1%d0%b5%d1%80%d0%b5%d0%b3/,200_candidate,Default preservation candidate; verify equivalent migrated content before launch.,post,makler-realty.com
https://makler-realty.com/%d0%be%d0%bd%d0%bb%d0%b0%d0%b9%d0%bd-%d0%ba%d0%b0%d0%bc%d0%b5%d1%80%d0%b0-%d1%85%d0%b8%d0%b6%d0%b0-%d0%b1%d0%b5%d0%b3%d0%be%d0%b2%d0%b8%d1%86%d0%b0/,https://makler-realty.com/%d0%be%d0%bd%d0%bb%d0%b0%d0%b9%d0%bd-%d0%ba%d0%b0%d0%bc%d0%b5%d1%80%d0%b0-%d1%85%d0%b8%d0%b6%d0%b0-%d0%b1%d0%b5%d0%b3%d0%be%d0%b2%d0%b8%d1%86%d0%b0/,200_candidate,Default preservation candidate; verify equivalent migrated content before launch.,post,makler-realty.com
https://makler-realty.com/%d0%be%d1%84%d0%be%d1%80%d0%bc%d0%bb%d0%b5%d0%bd%d0%b8%d0%b5-%d1%81%d0%b4%d0%b5%d0%bb%d0%ba%d0%b8-%d0%bd%d0%b5%d0%b4%d0%b2%d0%b8%d0%b6%d0%b8%d0%bc%d0%be%d1%81%d1%82%d1%8c-%d0%b1%d0%be%d0%bb%d0%b3/,https://makler-realty.com/%d0%be%d1%84%d0%be%d1%80%d0%bc%d0%bb%d0%b5%d0%bd%d0%b8%d0%b5-%d1%81%d0%b4%d0%b5%d0%bb%d0%ba%d0%b8-%d0%bd%d0%b5%d0%b4%d0%b2%d0%b8%d0%b6%d0%b8%d0%bc%d0%be%d1%81%d1%82%d1%8c-%d0%b1%d0%be%d0%bb%d0%b3/,200_candidate,Default preservation candidate; verify equivalent migrated content before launch.,page,makler-realty.com
https://makler-realty.com/%d0%be-%d0%ba%d0%be%d0%bc%d0%bf%d0%b0%d0%bd%d0%b8%d0%b8/,https://makler-realty.com/%d0%be-%d0%ba%d0%be%d0%bc%d0%bf%d0%b0%d0%bd%d0%b8%d0%b8/,200_candidate,Default preservation candidate; verify equivalent migrated content before launch.,page,makler-realty.com
https://makler-realty.com/%d0%bf%d0%b0%d1%80%d1%82%d0%bd%d1%8c%d0%be%d1%80%d0%b8/,https://makler-realty.com/%d0%bf%d0%b0%d1%80%d1%82%d0%bd%d1%8c%d0%be%d1%80%d0%b8/,200_candidate,Default preservation candidate; verify equivalent migrated content before launch.,page,makler-realty.com
https://makler-realty.com/%d0%bf%d0%be%d0%bb%d0%b8%d1%82%d0%b8%d0%ba%d0%b0-%d0%b7%d0%b0-%d0%b7%d0%b0%d1%89%d0%b8%d1%82%d0%b0-%d0%bd%d0%b0-%d0%bb%d0%b8%d1%87%d0%bd%d0%b8%d1%82%d0%b5-%d0%b4%d0%b0%d0%bd%d0%bd%d0%b8/,https://makler-realty.com/%d0%bf%d0%be%d0%bb%d0%b8%d1%82%d0%b8%d0%ba%d0%b0-%d0%b7%d0%b0-%d0%b7%d0%b0%d1%89%d0%b8%d1%82%d0%b0-%d0%bd%d0%b0-%d0%bb%d0%b8%d1%87%d0%bd%d0%b8%d1%82%d0%b5-%d0%b4%d0%b0%d0%bd%d0%bd%d0%b8/,200_candidate,Default preservation candidate; verify equivalent migrated content before launch.,page,makler-realty.com
https://makler-realty.com/%d1%82%d0%b0%d0%ba%d1%81%d0%b8-%d0%b8%d0%b7-%d1%81%d0%be%d1%84%d0%b8%d0%b8-%d0%b2-%d1%81%d0%b0%d0%bd%d0%b4%d0%b0%d0%bd%d1%81%d0%ba%d0%b8/,https://makler-realty.com/%d1%82%d0%b0%d0%ba%d1%81%d0%b8-%d0%b8%d0%b7-%d1%81%d0%be%d1%84%d0%b8%d0%b8-%d0%b2-%d1%81%d0%b0%d0%bd%d0%b4%d0%b0%d0%bd%d1%81%d0%ba%d0%b8/,200_candidate,Default preservation candidate; verify equivalent migrated content before launch.,post,makler-realty.com
https://makler-realty.com/%d1%82%d1%80%d0%b0%d0%bd%d1%81%d1%84%d0%b5%d1%80-%d1%81%d0%b0%d0%bb%d0%be%d0%bd%d0%b8%d0%ba%d0%b8-%d1%81%d0%b0%d0%bd%d0%b4%d0%b0%d0%bd%d1%81%d0%ba%d0%b8/,https://makler-realty.com/%d1%82%d1%80%d0%b0%d0%bd%d1%81%d1%84%d0%b5%d1%80-%d1%81%d0%b0%d0%bb%d0%be%d0%bd%d0%b8%d0%ba%d0%b8-%d1%81%d0%b0%d0%bd%d0%b4%d0%b0%d0%bd%d1%81%d0%ba%d0%b8/,200_candidate,Default preservation candidate; verify equivalent migrated content before launch.,post,makler-realty.com
https://makler-realty.com/add-property/,https://makler-realty.com/add-property/,200_candidate,Default preservation candidate; verify equivalent migrated content before launch.,page,makler-realty.com
https://makler-realty.com/balcon/1/,https://makler-realty.com/balcon/1/,200_candidate,Default preservation candidate; verify equivalent migrated content before launch.,page,makler-realty.com
https://makler-realty.com/balcon/2/,https://makler-realty.com/balcon/2/,200_candidate,Default preservation candidate; verify equivalent migrated content before launch.,page,makler-realty.com
https://makler-realty.com/balcon/3/,https://makler-realty.com/balcon/3/,200_candidate,Default preservation candidate; verify equivalent migrated content before launch.,page,makler-realty.com
https://makler-realty.com/balcon/4/,https://makler-realty.com/balcon/4/,200_candidate,Default preservation candidate; verify equivalent migrated content before launch.,page,makler-realty.com
https://makler-realty.com/bedroom/1/,https://makler-realty.com/bedroom/1/,200_candidate,Default preservation candidate; verify equivalent migrated content before launch.,page,makler-realty.com
https://makler-realty.com/bedroom/2/,https://makler-realty.com/bedroom/2/,200_candidate,Default preservation candidate; verify equivalent migrated content before launch.,page,makler-realty.com
https://makler-realty.com/bedroom/3/,https://makler-realty.com/bedroom/3/,200_candidate,Default preservation candidate; verify equivalent migrated content before launch.,page,makler-realty.com
https://makler-realty.com/bedroom/4/,https://makler-realty.com/bedroom/4/,200_candidate,Default preservation candidate; verify equivalent migrated content before launch.,page,makler-realty.com
https://makler-realty.com/bedroom/5/,https://makler-realty.com/bedroom/5/,200_candidate,Default preservation candidate; verify equivalent migrated content before launch.,page,makler-realty.com
https://makler-realty.com/category-type/%d0%b5lite-realtor/,https://makler-realty.com/category-type/%d0%b5lite-realtor/,200_candidate,Default preservation candidate; verify equivalent migrated content before launch.,taxonomy,makler-realty.com
https://makler-realty.com/category-type/%d1%81%d0%b5%d0%bb%d1%8c%d1%81%d0%ba%d0%be%d1%85%d0%be%d0%b7%d1%8f%d0%b9%d1%81%d1%82%d0%b2%d0%b5%d0%bd%d0%bd%d0%b0%d1%8f-%d0%b7%d0%b5%d0%bc%d0%bb%d1%8f/,https://makler-realty.com/category-type/%d1%81%d0%b5%d0%bb%d1%8c%d1%81%d0%ba%d0%be%d1%85%d0%be%d0%b7%d1%8f%d0%b9%d1%81%d1%82%d0%b2%d0%b5%d0%bd%d0%bd%d0%b0%d1%8f-%d0%b7%d0%b5%d0%bc%d0%bb%d1%8f/,200_candidate,Default preservation candidate; verify equivalent migrated content before launch.,taxonomy,makler-realty.com
https://makler-realty.com/category-type/%d1%83%d1%87%d0%b0%d1%81%d1%82%d0%be%d0%ba-%d0%b7%d0%b5%d0%bc%d0%bb%d0%b8/,https://makler-realty.com/category-type/%d1%83%d1%87%d0%b0%d1%81%d1%82%d0%be%d0%ba-%d0%b7%d0%b5%d0%bc%d0%bb%d0%b8/,200_candidate,Default preservation candidate; verify equivalent migrated content before launch.,taxonomy,makler-realty.com
https://makler-realty.com/category-type/apartment/,https://makler-realty.com/category-type/apartment/,200_candidate,Default preservation candidate; verify equivalent migrated content before launch.,taxonomy,makler-realty.com
https://makler-realty.com/category-type/commercial-area/,https://makler-realty.com/category-type/commercial-area/,200_candidate,Default preservation candidate; verify equivalent migrated content before launch.,taxonomy,makler-realty.com
https://makler-realty.com/category-type/dom/,https://makler-realty.com/category-type/dom/,200_candidate,Default preservation candidate; verify equivalent migrated content before launch.,taxonomy,makler-realty.com
https://makler-realty.com/category-type/hotel/,https://makler-realty.com/category-type/hotel/,200_candidate,Default preservation candidate; verify equivalent migrated content before launch.,taxonomy,makler-realty.com
https://makler-realty.com/category-type/house-floor/,https://makler-realty.com/category-type/house-floor/,200_candidate,Default preservation candidate; verify equivalent migrated content before launch.,taxonomy,makler-realty.com
https://makler-realty.com/category-type/industrial-building/,https://makler-realty.com/category-type/industrial-building/,200_candidate,Default preservation candidate; verify equivalent migrated content before launch.,taxonomy,makler-realty.com
https://makler-realty.com/category-type/office-building/,https://makler-realty.com/category-type/office-building/,200_candidate,Default preservation candidate; verify equivalent migrated content before launch.,taxonomy,makler-realty.com
https://makler-realty.com/category-type/office/,https://makler-realty.com/category-type/office/,200_candidate,Default preservation candidate; verify equivalent migrated content before launch.,taxonomy,makler-realty.com
https://makler-realty.com/category-type/studio/,https://makler-realty.com/category-type/studio/,200_candidate,Default preservation candidate; verify equivalent migrated content before launch.,taxonomy,makler-realty.com
https://makler-realty.com/category-type/villa/,https://makler-realty.com/category-type/villa/,200_candidate,Default preservation candidate; verify equivalent migrated content before launch.,taxonomy,makler-realty.com
https://makler-realty.com/category/%d0%bd%d0%be%d0%b2%d0%b8%d0%bd%d0%b8/,https://makler-realty.com/category/%d0%bd%d0%be%d0%b2%d0%b8%d0%bd%d0%b8/,200_candidate,Default preservation candidate; verify equivalent migrated content before launch.,taxonomy,makler-realty.com
https://makler-realty.com/category/%d1%81%d1%82%d0%b0%d1%82%d0%b8%d0%b8/,https://makler-realty.com/category/%d1%81%d1%82%d0%b0%d1%82%d0%b8%d0%b8/,200_candidate,Default preservation candidate; verify equivalent migrated content before launch.,taxonomy,makler-realty.com
https://makler-realty.com/category/category/,https://makler-realty.com/category/category/,200_candidate,Default preservation candidate; verify equivalent migrated content before launch.,taxonomy,makler-realty.com
https://makler-realty.com/category/uncategorized/,https://makler-realty.com/category/uncategorized/,200_candidate,Default preservation candidate; verify equivalent migrated content before launch.,taxonomy,makler-realty.com
https://makler-realty.com/de,https://makler-realty.com/de/,200_candidate,Default preservation candidate; verify equivalent migrated content before launch.,page,makler-realty.com
https://makler-realty.com/de/,https://makler-realty.com/de/,200_candidate,Default preservation candidate; verify equivalent migrated content before launch.,page,makler-realty.com
https://makler-realty.com/de/%D0%BF%D0%BE%D0%BB%D0%B8%D1%82%D0%B8%D0%BA%D0%B0-%D0%B7%D0%B0-%D0%B7%D0%B0%D1%89%D0%B8%D1%82%D0%B0-%D0%BD%D0%B0-%D0%BB%D0%B8%D1%87%D0%BD%D0%B8%D1%82%D0%B5-%D0%B4%D0%B0%D0%BD%D0%BD%D0%B8/,https://makler-realty.com/de/%D0%BF%D0%BE%D0%BB%D0%B8%D1%82%D0%B8%D0%BA%D0%B0-%D0%B7%D0%B0-%D0%B7%D0%B0%D1%89%D0%B8%D1%82%D0%B0-%D0%BD%D0%B0-%D0%BB%D0%B8%D1%87%D0%BD%D0%B8%D1%82%D0%B5-%D0%B4%D0%B0%D0%BD%D0%BD%D0%B8/,200_candidate,Default preservation candidate; verify equivalent migrated content before launch.,page,makler-realty.com
https://makler-realty.com/de/%d0%b3%d0%bb%d0%b0%d0%b2%d0%bd%d0%b0%d1%8f/,https://makler-realty.com/de/%d0%b3%d0%bb%d0%b0%d0%b2%d0%bd%d0%b0%d1%8f/,200_candidate,Default preservation candidate; verify equivalent migrated content before launch.,page,makler-realty.com
https://makler-realty.com/de/%d0%ba%d0%be%d0%bd%d1%82%d0%b0%d0%ba%d1%82%d0%b8/,https://makler-realty.com/de/%d0%ba%d0%be%d0%bd%d1%82%d0%b0%d0%ba%d1%82%d0%b8/,200_candidate,Default preservation candidate; verify equivalent migrated content before launch.,page,makler-realty.com
https://makler-realty.com/de/%d0%bd%d0%b5%d0%b4%d0%b2%d0%b8%d0%b6%d0%b8%d0%bc%d0%be%d1%81%d1%82%d1%8c-%d1%81%d0%be%d0%bb%d0%bd%d0%b5%d1%87%d0%bd%d1%8b%d0%b9-%d0%b1%d0%b5%d1%80%d0%b5%d0%b3/,https://makler-realty.com/de/%d0%bd%d0%b5%d0%b4%d0%b2%d0%b8%d0%b6%d0%b8%d0%bc%d0%be%d1%81%d1%82%d1%8c-%d1%81%d0%be%d0%bb%d0%bd%d0%b5%d1%87%d0%bd%d1%8b%d0%b9-%d0%b1%d0%b5%d1%80%d0%b5%d0%b3/,200_candidate,Default preservation candidate; verify equivalent migrated content before launch.,page,makler-realty.com
https://makler-realty.com/de/%d0%be%d1%84%d0%be%d1%80%d0%bc%d0%bb%d0%b5%d0%bd%d0%b8%d0%b5-%d1%81%d0%b4%d0%b5%d0%bb%d0%ba%d0%b8-%d0%bd%d0%b5%d0%b4%d0%b2%d0%b8%d0%b6%d0%b8%d0%bc%d0%be%d1%81%d1%82%d1%8c-%d0%b1%d0%be%d0%bb%d0%b3/,https://makler-realty.com/de/%d0%be%d1%84%d0%be%d1%80%d0%bc%d0%bb%d0%b5%d0%bd%d0%b8%d0%b5-%d1%81%d0%b4%d0%b5%d0%bb%d0%ba%d0%b8-%d0%bd%d0%b5%d0%b4%d0%b2%d0%b8%d0%b6%d0%b8%d0%bc%d0%be%d1%81%d1%82%d1%8c-%d0%b1%d0%be%d0%bb%d0%b3/,200_candidate,Default preservation candidate; verify equivalent migrated content before launch.,page,makler-realty.com
https://makler-realty.com/de/%d0%be-%d0%ba%d0%be%d0%bc%d0%bf%d0%b0%d0%bd%d0%b8%d0%b8/,https://makler-realty.com/de/%d0%be-%d0%ba%d0%be%d0%bc%d0%bf%d0%b0%d0%bd%d0%b8%d0%b8/,200_candidate,Default preservation candidate; verify equivalent migrated content before launch.,page,makler-realty.com
https://makler-realty.com/de/%d0%bf%d0%b0%d1%80%d1%82%d0%bd%d1%8c%d0%be%d1%80%d0%b8/,https://makler-realty.com/de/%d0%bf%d0%b0%d1%80%d1%82%d0%bd%d1%8c%d0%be%d1%80%d0%b8/,200_candidate,Default preservation candidate; verify equivalent migrated content before launch.,page,makler-realty.com
https://makler-realty.com/de/%d1%82%d0%b0%d0%ba%d1%81%d0%b8-%d0%b8%d0%b7-%d1%81%d0%be%d1%84%d0%b8%d0%b8-%d0%b2-%d1%81%d0%b0%d0%bd%d0%b4%d0%b0%d0%bd%d1%81%d0%ba%d0%b8/,https://makler-realty.com/de/%d1%82%d0%b0%d0%ba%d1%81%d0%b8-%d0%b8%d0%b7-%d1%81%d0%be%d1%84%d0%b8%d0%b8-%d0%b2-%d1%81%d0%b0%d0%bd%d0%b4%d0%b0%d0%bd%d1%81%d0%ba%d0%b8/,200_candidate,Default preservation candidate; verify equivalent migrated content before launch.,page,makler-realty.com
https://makler-realty.com/de/%d1%82%d1%80%d0%b0%d0%bd%d1%81%d1%84%d0%b5%d1%80-%d1%81%d0%b0%d0%bb%d0%be%d0%bd%d0%b8%d0%ba%d0%b8-%d1%81%d0%b0%d0%bd%d0%b4%d0%b0%d0%bd%d1%81%d0%ba%d0%b8/,https://makler-realty.com/de/%d1%82%d1%80%d0%b0%d0%bd%d1%81%d1%84%d0%b5%d1%80-%d1%81%d0%b0%d0%bb%d0%be%d0%bd%d0%b8%d0%ba%d0%b8-%d1%81%d0%b0%d0%bd%d0%b4%d0%b0%d0%bd%d1%81%d0%ba%d0%b8/,200_candidate,Default preservation candidate; verify equivalent migrated content before launch.,page,makler-realty.com
https://makler-realty.com/de/bulgarien-leben-im-kurort-sandanski/,https://makler-realty.com/de/bulgarien-leben-im-kurort-sandanski/,200_candidate,Default preservation candidate; verify equivalent migrated content before launch.,page,makler-realty.com
https://makler-realty.com/de/category-type/%d0%b5lite-realtor/,https://makler-realty.com/de/category-type/%d0%b5lite-realtor/,200_candidate,Default preservation candidate; verify equivalent migrated content before launch.,taxonomy,makler-realty.com
https://makler-realty.com/de/category-type/%d1%81%d0%b5%d0%bb%d1%8c%d1%81%d0%ba%d0%be%d1%85%d0%be%d0%b7%d1%8f%d0%b9%d1%81%d1%82%d0%b2%d0%b5%d0%bd%d0%bd%d0%b0%d1%8f-%d0%b7%d0%b5%d0%bc%d0%bb%d1%8f/,https://makler-realty.com/de/category-type/%d1%81%d0%b5%d0%bb%d1%8c%d1%81%d0%ba%d0%be%d1%85%d0%be%d0%b7%d1%8f%d0%b9%d1%81%d1%82%d0%b2%d0%b5%d0%bd%d0%bd%d0%b0%d1%8f-%d0%b7%d0%b5%d0%bc%d0%bb%d1%8f/,200_candidate,Default preservation candidate; verify equivalent migrated content before launch.,taxonomy,makler-realty.com
https://makler-realty.com/de/category-type/%d1%83%d1%87%d0%b0%d1%81%d1%82%d0%be%d0%ba-%d0%b7%d0%b5%d0%bc%d0%bb%d0%b8/,https://makler-realty.com/de/category-type/%d1%83%d1%87%d0%b0%d1%81%d1%82%d0%be%d0%ba-%d0%b7%d0%b5%d0%bc%d0%bb%d0%b8/,200_candidate,Default preservation candidate; verify equivalent migrated content before launch.,taxonomy,makler-realty.com
https://makler-realty.com/de/category-type/apartment/,https://makler-realty.com/de/category-type/apartment/,200_candidate,Default preservation candidate; verify equivalent migrated content before launch.,taxonomy,makler-realty.com
https://makler-realty.com/de/category-type/commercial-area/,https://makler-realty.com/de/category-type/commercial-area/,200_candidate,Default preservation candidate; verify equivalent migrated content before launch.,taxonomy,makler-realty.com
https://makler-realty.com/de/category-type/dom/,https://makler-realty.com/de/category-type/dom/,200_candidate,Default preservation candidate; verify equivalent migrated content before launch.,taxonomy,makler-realty.com
https://makler-realty.com/de/category-type/hotel/,https://makler-realty.com/de/category-type/hotel/,200_candidate,Default preservation candidate; verify equivalent migrated content before launch.,taxonomy,makler-realty.com
https://makler-realty.com/de/category-type/house-floor/,https://makler-realty.com/de/category-type/house-floor/,200_candidate,Default preservation candidate; verify equivalent migrated content before launch.,taxonomy,makler-realty.com
https://makler-realty.com/de/category-type/industrial-building/,https://makler-realty.com/de/category-type/industrial-building/,200_candidate,Default preservation candidate; verify equivalent migrated content before launch.,taxonomy,makler-realty.com
https://makler-realty.com/de/category-type/office-building/,https://makler-realty.com/de/category-type/office-building/,200_candidate,Default preservation candidate; verify equivalent migrated content before launch.,taxonomy,makler-realty.com
https://makler-realty.com/de/category-type/office/,https://makler-realty.com/de/category-type/office/,200_candidate,Default preservation candidate; verify equivalent migrated content before launch.,taxonomy,makler-realty.com
https://makler-realty.com/de/category-type/studio/,https://makler-realty.com/de/category-type/studio/,200_candidate,Default preservation candidate; verify equivalent migrated content before launch.,taxonomy,makler-realty.com
https://makler-realty.com/de/category-type/villa/,https://makler-realty.com/de/category-type/villa/,200_candidate,Default preservation candidate; verify equivalent migrated content before launch.,taxonomy,makler-realty.com
https://makler-realty.com/de/resort/%d0%bd%d0%b5%d0%b4%d0%b2%d0%b8%d0%b6%d0%b8%d0%bc%d0%be%d1%81%d1%82%d1%8c-%d0%b2-%d0%b1%d0%b0%d0%bd%d1%81%d0%ba%d0%be/,https://makler-realty.com/de/resort/%d0%bd%d0%b5%d0%b4%d0%b2%d0%b8%d0%b6%d0%b8%d0%bc%d0%be%d1%81%d1%82%d1%8c-%d0%b2-%d0%b1%d0%b0%d0%bd%d1%81%d0%ba%d0%be/,200_candidate,Default preservation candidate; verify equivalent migrated content before launch.,taxonomy,makler-realty.com
https://makler-realty.com/de/resort/%d0%bd%d0%b5%d0%b4%d0%b2%d0%b8%d0%b6%d0%b8%d0%bc%d0%be%d1%81%d1%82%d1%8c-%d0%b2-%d1%81%d0%b0%d0%bd%d0%b4%d0%b0%d0%bd%d1%81%d0%ba%d0%b8/,https://makler-realty.com/de/resort/%d0%bd%d0%b5%d0%b4%d0%b2%d0%b8%d0%b6%d0%b8%d0%bc%d0%be%d1%81%d1%82%d1%8c-%d0%b2-%d1%81%d0%b0%d0%bd%d0%b4%d0%b0%d0%bd%d1%81%d0%ba%d0%b8/,200_candidate,Default preservation candidate; verify equivalent migrated content before launch.,taxonomy,makler-realty.com
https://makler-realty.com/de/resort/%d0%bd%d0%b5%d0%b4%d0%b2%d0%b8%d0%b6%d0%b8%d0%bc%d0%be%d1%81%d1%82%d1%8c-%d1%81%d0%b2%d1%8f%d1%82%d0%be%d0%b9-%d0%b2%d0%bb%d0%b0%d1%81/,https://makler-realty.com/de/resort/%d0%bd%d0%b5%d0%b4%d0%b2%d0%b8%d0%b6%d0%b8%d0%bc%d0%be%d1%81%d1%82%d1%8c-%d1%81%d0%b2%d1%8f%d1%82%d0%be%d0%b9-%d0%b2%d0%bb%d0%b0%d1%81/,200_candidate,Default preservation candidate; verify equivalent migrated content before launch.,taxonomy,makler-realty.com
https://makler-realty.com/de/resort/nafplio/,https://makler-realty.com/de/resort/nafplio/,200_candidate,Default preservation candidate; verify equivalent migrated content before launch.,taxonomy,makler-realty.com
https://makler-realty.com/de/services/,https://makler-realty.com/de/services/,200_candidate,Default preservation candidate; verify equivalent migrated content before launch.,page,makler-realty.com
https://makler-realty.com/de/transfer-thessaloniki-bansko/,https://makler-realty.com/de/transfer-thessaloniki-bansko/,200_candidate,Default preservation candidate; verify equivalent migrated content before launch.,page,makler-realty.com
https://makler-realty.com/en,https://makler-realty.com/en/,200_candidate,Default preservation candidate; verify equivalent migrated content before launch.,page,makler-realty.com
https://makler-realty.com/en/,https://makler-realty.com/en/,200_candidate,Default preservation candidate; verify equivalent migrated content before launch.,page,makler-realty.com
https://makler-realty.com/en/%D0%BF%D0%BE%D0%BB%D0%B8%D1%82%D0%B8%D0%BA%D0%B0-%D0%B7%D0%B0-%D0%B7%D0%B0%D1%89%D0%B8%D1%82%D0%B0-%D0%BD%D0%B0-%D0%BB%D0%B8%D1%87%D0%BD%D0%B8%D1%82%D0%B5-%D0%B4%D0%B0%D0%BD%D0%BD%D0%B8/,https://makler-realty.com/en/%D0%BF%D0%BE%D0%BB%D0%B8%D1%82%D0%B8%D0%BA%D0%B0-%D0%B7%D0%B0-%D0%B7%D0%B0%D1%89%D0%B8%D1%82%D0%B0-%D0%BD%D0%B0-%D0%BB%D0%B8%D1%87%D0%BD%D0%B8%D1%82%D0%B5-%D0%B4%D0%B0%D0%BD%D0%BD%D0%B8/,200_candidate,Default preservation candidate; verify equivalent migrated content before launch.,page,makler-realty.com
https://makler-realty.com/en/%d0%b3%d0%bb%d0%b0%d0%b2%d0%bd%d0%b0%d1%8f/,https://makler-realty.com/en/%d0%b3%d0%bb%d0%b0%d0%b2%d0%bd%d0%b0%d1%8f/,200_candidate,Default preservation candidate; verify equivalent migrated content before launch.,page,makler-realty.com
https://makler-realty.com/en/%d0%ba%d0%be%d0%bd%d1%82%d0%b0%d0%ba%d1%82%d0%b8/,https://makler-realty.com/en/%d0%ba%d0%be%d0%bd%d1%82%d0%b0%d0%ba%d1%82%d0%b8/,200_candidate,Default preservation candidate; verify equivalent migrated content before launch.,page,makler-realty.com
https://makler-realty.com/en/%d0%bd%d0%b5%d0%b4%d0%b2%d0%b8%d0%b6%d0%b8%d0%bc%d0%be%d1%81%d1%82%d1%8c-%d1%81%d0%be%d0%bb%d0%bd%d0%b5%d1%87%d0%bd%d1%8b%d0%b9-%d0%b1%d0%b5%d1%80%d0%b5%d0%b3/,https://makler-realty.com/en/%d0%bd%d0%b5%d0%b4%d0%b2%d0%b8%d0%b6%d0%b8%d0%bc%d0%be%d1%81%d1%82%d1%8c-%d1%81%d0%be%d0%bb%d0%bd%d0%b5%d1%87%d0%bd%d1%8b%d0%b9-%d0%b1%d0%b5%d1%80%d0%b5%d0%b3/,200_candidate,Default preservation candidate; verify equivalent migrated content before launch.,page,makler-realty.com
https://makler-realty.com/en/%d0%be%d0%bd%d0%bb%d0%b0%d0%b9%d0%bd-%d0%ba%d0%b0%d0%bc%d0%b5%d1%80%d0%b0-%d1%85%d0%b8%d0%b6%d0%b0-%d0%b1%d0%b5%d0%b3%d0%be%d0%b2%d0%b8%d1%86%d0%b0/,https://makler-realty.com/en/%d0%be%d0%bd%d0%bb%d0%b0%d0%b9%d0%bd-%d0%ba%d0%b0%d0%bc%d0%b5%d1%80%d0%b0-%d1%85%d0%b8%d0%b6%d0%b0-%d0%b1%d0%b5%d0%b3%d0%be%d0%b2%d0%b8%d1%86%d0%b0/,200_candidate,Default preservation candidate; verify equivalent migrated content before launch.,page,makler-realty.com
https://makler-realty.com/en/%d0%be%d1%84%d0%be%d1%80%d0%bc%d0%bb%d0%b5%d0%bd%d0%b8%d0%b5-%d1%81%d0%b4%d0%b5%d0%bb%d0%ba%d0%b8-%d0%bd%d0%b5%d0%b4%d0%b2%d0%b8%d0%b6%d0%b8%d0%bc%d0%be%d1%81%d1%82%d1%8c-%d0%b1%d0%be%d0%bb%d0%b3/,https://makler-realty.com/en/%d0%be%d1%84%d0%be%d1%80%d0%bc%d0%bb%d0%b5%d0%bd%d0%b8%d0%b5-%d1%81%d0%b4%d0%b5%d0%bb%d0%ba%d0%b8-%d0%bd%d0%b5%d0%b4%d0%b2%d0%b8%d0%b6%d0%b8%d0%bc%d0%be%d1%81%d1%82%d1%8c-%d0%b1%d0%be%d0%bb%d0%b3/,200_candidate,Default preservation candidate; verify equivalent migrated content before launch.,page,makler-realty.com
https://makler-realty.com/en/%d0%be-%d0%ba%d0%be%d0%bc%d0%bf%d0%b0%d0%bd%d0%b8%d0%b8/,https://makler-realty.com/en/%d0%be-%d0%ba%d0%be%d0%bc%d0%bf%d0%b0%d0%bd%d0%b8%d0%b8/,200_candidate,Default preservation candidate; verify equivalent migrated content before launch.,page,makler-realty.com
https://makler-realty.com/en/%d0%bf%d0%b0%d1%80%d1%82%d0%bd%d1%8c%d0%be%d1%80%d0%b8/,https://makler-realty.com/en/%d0%bf%d0%b0%d1%80%d1%82%d0%bd%d1%8c%d0%be%d1%80%d0%b8/,200_candidate,Default preservation candidate; verify equivalent migrated content before launch.,page,makler-realty.com
https://makler-realty.com/en/%d1%82%d0%b0%d0%ba%d1%81%d0%b8-%d0%b8%d0%b7-%d1%81%d0%be%d1%84%d0%b8%d0%b8-%d0%b2-%d1%81%d0%b0%d0%bd%d0%b4%d0%b0%d0%bd%d1%81%d0%ba%d0%b8/,https://makler-realty.com/en/%d1%82%d0%b0%d0%ba%d1%81%d0%b8-%d0%b8%d0%b7-%d1%81%d0%be%d1%84%d0%b8%d0%b8-%d0%b2-%d1%81%d0%b0%d0%bd%d0%b4%d0%b0%d0%bd%d1%81%d0%ba%d0%b8/,200_candidate,Default preservation candidate; verify equivalent migrated content before launch.,page,makler-realty.com
https://makler-realty.com/en/%d1%82%d1%80%d0%b0%d0%bd%d1%81%d1%84%d0%b5%d1%80-%d1%81%d0%b0%d0%bb%d0%be%d0%bd%d0%b8%d0%ba%d0%b8-%d1%81%d0%b0%d0%bd%d0%b4%d0%b0%d0%bd%d1%81%d0%ba%d0%b8/,https://makler-realty.com/en/%d1%82%d1%80%d0%b0%d0%bd%d1%81%d1%84%d0%b5%d1%80-%d1%81%d0%b0%d0%bb%d0%be%d0%bd%d0%b8%d0%ba%d0%b8-%d1%81%d0%b0%d0%bd%d0%b4%d0%b0%d0%bd%d1%81%d0%ba%d0%b8/,200_candidate,Default preservation candidate; verify equivalent migrated content before launch.,page,makler-realty.com
https://makler-realty.com/en/category-type/%d0%b5lite-realtor/,https://makler-realty.com/en/category-type/%d0%b5lite-realtor/,200_candidate,Default preservation candidate; verify equivalent migrated content before launch.,taxonomy,makler-realty.com
https://makler-realty.com/en/category-type/%d1%81%d0%b5%d0%bb%d1%8c%d1%81%d0%ba%d0%be%d1%85%d0%be%d0%b7%d1%8f%d0%b9%d1%81%d1%82%d0%b2%d0%b5%d0%bd%d0%bd%d0%b0%d1%8f-%d0%b7%d0%b5%d0%bc%d0%bb%d1%8f/,https://makler-realty.com/en/category-type/%d1%81%d0%b5%d0%bb%d1%8c%d1%81%d0%ba%d0%be%d1%85%d0%be%d0%b7%d1%8f%d0%b9%d1%81%d1%82%d0%b2%d0%b5%d0%bd%d0%bd%d0%b0%d1%8f-%d0%b7%d0%b5%d0%bc%d0%bb%d1%8f/,200_candidate,Default preservation candidate; verify equivalent migrated content before launch.,taxonomy,makler-realty.com
https://makler-realty.com/en/category-type/%d1%83%d1%87%d0%b0%d1%81%d1%82%d0%be%d0%ba-%d0%b7%d0%b5%d0%bc%d0%bb%d0%b8/,https://makler-realty.com/en/category-type/%d1%83%d1%87%d0%b0%d1%81%d1%82%d0%be%d0%ba-%d0%b7%d0%b5%d0%bc%d0%bb%d0%b8/,200_candidate,Default preservation candidate; verify equivalent migrated content before launch.,taxonomy,makler-realty.com
https://makler-realty.com/en/category-type/apartment/,https://makler-realty.com/en/category-type/apartment/,200_candidate,Default preservation candidate; verify equivalent migrated content before launch.,taxonomy,makler-realty.com
https://makler-realty.com/en/category-type/commercial-area/,https://makler-realty.com/en/category-type/commercial-area/,200_candidate,Default preservation candidate; verify equivalent migrated content before launch.,taxonomy,makler-realty.com
https://makler-realty.com/en/category-type/dom/,https://makler-realty.com/en/category-type/dom/,200_candidate,Default preservation candidate; verify equivalent migrated content before launch.,taxonomy,makler-realty.com
https://makler-realty.com/en/category-type/hotel/,https://makler-realty.com/en/category-type/hotel/,200_candidate,Default preservation candidate; verify equivalent migrated content before launch.,taxonomy,makler-realty.com
https://makler-realty.com/en/category-type/house-floor/,https://makler-realty.com/en/category-type/house-floor/,200_candidate,Default preservation candidate; verify equivalent migrated content before launch.,taxonomy,makler-realty.com
https://makler-realty.com/en/category-type/industrial-building/,https://makler-realty.com/en/category-type/industrial-building/,200_candidate,Default preservation candidate; verify equivalent migrated content before launch.,taxonomy,makler-realty.com
https://makler-realty.com/en/category-type/office-building/,https://makler-realty.com/en/category-type/office-building/,200_candidate,Default preservation candidate; verify equivalent migrated content before launch.,taxonomy,makler-realty.com
https://makler-realty.com/en/category-type/office/,https://makler-realty.com/en/category-type/office/,200_candidate,Default preservation candidate; verify equivalent migrated content before launch.,taxonomy,makler-realty.com
https://makler-realty.com/en/category-type/studio/,https://makler-realty.com/en/category-type/studio/,200_candidate,Default preservation candidate; verify equivalent migrated content before launch.,taxonomy,makler-realty.com
https://makler-realty.com/en/category-type/villa/,https://makler-realty.com/en/category-type/villa/,200_candidate,Default preservation candidate; verify equivalent migrated content before launch.,taxonomy,makler-realty.com
https://makler-realty.com/en/resort/%d0%bd%d0%b5%d0%b4%d0%b2%d0%b8%d0%b6%d0%b8%d0%bc%d0%be%d1%81%d1%82%d1%8c-%d0%b2-%d0%b1%d0%b0%d0%bd%d1%81%d0%ba%d0%be/,https://makler-realty.com/en/resort/%d0%bd%d0%b5%d0%b4%d0%b2%d0%b8%d0%b6%d0%b8%d0%bc%d0%be%d1%81%d1%82%d1%8c-%d0%b2-%d0%b1%d0%b0%d0%bd%d1%81%d0%ba%d0%be/,200_candidate,Default preservation candidate; verify equivalent migrated content before launch.,taxonomy,makler-realty.com
https://makler-realty.com/en/resort/%d0%bd%d0%b5%d0%b4%d0%b2%d0%b8%d0%b6%d0%b8%d0%bc%d0%be%d1%81%d1%82%d1%8c-%d0%b2-%d1%81%d0%b0%d0%bd%d0%b4%d0%b0%d0%bd%d1%81%d0%ba%d0%b8/,https://makler-realty.com/en/resort/%d0%bd%d0%b5%d0%b4%d0%b2%d0%b8%d0%b6%d0%b8%d0%bc%d0%be%d1%81%d1%82%d1%8c-%d0%b2-%d1%81%d0%b0%d0%bd%d0%b4%d0%b0%d0%bd%d1%81%d0%ba%d0%b8/,200_candidate,Default preservation candidate; verify equivalent migrated content before launch.,taxonomy,makler-realty.com
https://makler-realty.com/en/resort/%d0%bd%d0%b5%d0%b4%d0%b2%d0%b8%d0%b6%d0%b8%d0%bc%d0%be%d1%81%d1%82%d1%8c-%d1%81%d0%b2%d1%8f%d1%82%d0%be%d0%b9-%d0%b2%d0%bb%d0%b0%d1%81/,https://makler-realty.com/en/resort/%d0%bd%d0%b5%d0%b4%d0%b2%d0%b8%d0%b6%d0%b8%d0%bc%d0%be%d1%81%d1%82%d1%8c-%d1%81%d0%b2%d1%8f%d1%82%d0%be%d0%b9-%d0%b2%d0%bb%d0%b0%d1%81/,200_candidate,Default preservation candidate; verify equivalent migrated content before launch.,taxonomy,makler-realty.com
https://makler-realty.com/en/resort/nafplio/,https://makler-realty.com/en/resort/nafplio/,200_candidate,Default preservation candidate; verify equivalent migrated content before launch.,taxonomy,makler-realty.com
https://makler-realty.com/en/services/,https://makler-realty.com/en/services/,200_candidate,Default preservation candidate; verify equivalent migrated content before launch.,page,makler-realty.com
https://makler-realty.com/en/transfer-thessaloniki-bansko/,https://makler-realty.com/en/transfer-thessaloniki-bansko/,200_candidate,Default preservation candidate; verify equivalent migrated content before launch.,page,makler-realty.com
https://makler-realty.com/floors/1/,https://makler-realty.com/floors/1/,200_candidate,Default preservation candidate; verify equivalent migrated content before launch.,taxonomy,makler-realty.com
https://makler-realty.com/floors/2/,https://makler-realty.com/floors/2/,200_candidate,Default preservation candidate; verify equivalent migrated content before launch.,taxonomy,makler-realty.com
https://makler-realty.com/floors/3/,https://makler-realty.com/floors/3/,200_candidate,Default preservation candidate; verify equivalent migrated content before launch.,taxonomy,makler-realty.com
https://makler-realty.com/floors/4/,https://makler-realty.com/floors/4/,200_candidate,Default preservation candidate; verify equivalent migrated content before launch.,taxonomy,makler-realty.com
https://makler-realty.com/floors/5/,https://makler-realty.com/floors/5/,200_candidate,Default preservation candidate; verify equivalent migrated content before launch.,taxonomy,makler-realty.com
https://makler-realty.com/floors/6/,https://makler-realty.com/floors/6/,200_candidate,Default preservation candidate; verify equivalent migrated content before launch.,taxonomy,makler-realty.com
https://makler-realty.com/listing/%d0%b0%d0%b2%d1%82%d0%be%d1%80%d0%b5%d0%bc%d0%be%d0%bd%d1%82%d0%bd%d0%b0-%d1%80%d0%b0%d0%b1%d0%be%d1%82%d0%b8%d0%bb%d0%bd%d0%b8%d1%86%d0%b0-%d0%bc%d0%be%d1%82%d0%b5%d0%bb-%d0%b8-%d0%b2%d0%b5%d0%b4/,https://makler-realty.com/listing/%d0%b0%d0%b2%d1%82%d0%be%d1%80%d0%b5%d0%bc%d0%be%d0%bd%d1%82%d0%bd%d0%b0-%d1%80%d0%b0%d0%b1%d0%be%d1%82%d0%b8%d0%bb%d0%bd%d0%b8%d1%86%d0%b0-%d0%bc%d0%be%d1%82%d0%b5%d0%bb-%d0%b8-%d0%b2%d0%b5%d0%b4/,200_candidate,Default preservation candidate; verify equivalent migrated content before launch.,listing,makler-realty.com
https://makler-realty.com/listing/%d0%b0%d0%bf%d0%b0%d1%80%d1%82%d0%b0%d0%bc%d0%b5%d0%bd%d1%82%d0%b8-%d0%bf%d0%b0%d1%80%d0%ba-%d1%81%d0%b0%d0%bd%d0%b4%d0%b0%d0%bd%d1%81%d0%ba%d0%b8-%d0%ba%d0%be%d0%bc%d0%bf%d0%bb%d0%b5%d0%ba%d1%81/,https://makler-realty.com/listing/%d0%b0%d0%bf%d0%b0%d1%80%d1%82%d0%b0%d0%bc%d0%b5%d0%bd%d1%82%d0%b8-%d0%bf%d0%b0%d1%80%d0%ba-%d1%81%d0%b0%d0%bd%d0%b4%d0%b0%d0%bd%d1%81%d0%ba%d0%b8-%d0%ba%d0%be%d0%bc%d0%bf%d0%bb%d0%b5%d0%ba%d1%81/,200_candidate,Default preservation candidate; verify equivalent migrated content before launch.,listing,makler-realty.com
https://makler-realty.com/listing/%d0%b0%d0%bf%d0%b0%d1%80%d1%82%d0%b0%d0%bc%d0%b5%d0%bd%d1%82-%d0%bd%d0%b0%d0%b5%d0%bc-%d1%81%d0%b0%d0%bd%d0%b4%d0%b0%d0%bd%d1%81%d0%ba%d0%b8-%d0%bf%d0%b0%d1%80%d0%ba/,https://makler-realty.com/listing/%d0%b0%d0%bf%d0%b0%d1%80%d1%82%d0%b0%d0%bc%d0%b5%d0%bd%d1%82-%d0%bd%d0%b0%d0%b5%d0%bc-%d1%81%d0%b0%d0%bd%d0%b4%d0%b0%d0%bd%d1%81%d0%ba%d0%b8-%d0%bf%d0%b0%d1%80%d0%ba/,200_candidate,Default preservation candidate; verify equivalent migrated content before launch.,listing,makler-realty.com
https://makler-realty.com/listing/%d0%b0%d0%bf%d0%b0%d1%80%d1%82%d0%b0%d0%bc%d0%b5%d0%bd%d1%82-%d0%bf%d0%be%d0%b4-%d0%bd%d0%b0%d0%b5%d0%bc-%d0%b1%d0%b0%d0%bd%d1%81%d0%ba%d0%b0-2-%d1%81%d0%b0%d0%bd%d0%b4%d0%b0%d0%bd%d1%81%d0%ba%d0%b8/,https://makler-realty.com/listing/%d0%b0%d0%bf%d0%b0%d1%80%d1%82%d0%b0%d0%bc%d0%b5%d0%bd%d1%82-%d0%bf%d0%be%d0%b4-%d0%bd%d0%b0%d0%b5%d0%bc-%d0%b1%d0%b0%d0%bd%d1%81%d0%ba%d0%b0-2-%d1%81%d0%b0%d0%bd%d0%b4%d0%b0%d0%bd%d1%81%d0%ba%d0%b8/,200_candidate,Default preservation candidate; verify equivalent migrated content before launch.,listing,makler-realty.com
https://makler-realty.com/listing/%d0%b0%d0%bf%d0%b0%d1%80%d1%82%d0%b0%d0%bc%d0%b5%d0%bd%d1%82-%d0%bf%d0%be%d0%b4-%d0%bd%d0%b0%d0%b5%d0%bc-%d0%b2-%d0%b3%d1%80-%d1%81%d0%b0%d0%bd%d0%b4%d0%b0%d0%bd%d1%81%d0%ba%d0%b8/,https://makler-realty.com/listing/%d0%b0%d0%bf%d0%b0%d1%80%d1%82%d0%b0%d0%bc%d0%b5%d0%bd%d1%82-%d0%bf%d0%be%d0%b4-%d0%bd%d0%b0%d0%b5%d0%bc-%d0%b2-%d0%b3%d1%80-%d1%81%d0%b0%d0%bd%d0%b4%d0%b0%d0%bd%d1%81%d0%ba%d0%b8/,200_candidate,Default preservation candidate; verify equivalent migrated content before launch.,listing,makler-realty.com
https://makler-realty.com/listing/%d0%b0%d1%80%d0%b5%d0%bd%d0%b4%d0%b0-%d0%bf%d1%80%d0%be%d0%bc%d1%8b%d1%88%d0%bb%d0%b5%d0%bd%d0%bd%d0%be%d0%b3%d0%be-%d0%bf%d0%be%d0%bc%d0%b5%d1%89%d0%b5%d0%bd%d0%b8%d1%8f-%d0%b2-%d1%81%d0%b0%d0%bd/,https://makler-realty.com/listing/%d0%b0%d1%80%d0%b5%d0%bd%d0%b4%d0%b0-%d0%bf%d1%80%d0%be%d0%bc%d1%8b%d1%88%d0%bb%d0%b5%d0%bd%d0%bd%d0%be%d0%b3%d0%be-%d0%bf%d0%be%d0%bc%d0%b5%d1%89%d0%b5%d0%bd%d0%b8%d1%8f-%d0%b2-%d1%81%d0%b0%d0%bd/,200_candidate,Default preservation candidate; verify equivalent migrated content before launch.,listing,makler-realty.com
https://makler-realty.com/listing/%d0%b4%d0%b2%d1%83%d1%81%d1%82%d0%b0%d0%b5%d0%bd-%d0%b0%d0%bf%d0%b0%d1%80%d1%82%d0%b0%d0%bc%d0%b5%d0%bd%d1%82-%d0%b2-%d1%81%d0%b0%d0%bd%d0%b4%d0%b0%d0%bd%d1%81%d0%ba%d0%b8/,https://makler-realty.com/listing/%d0%b4%d0%b2%d1%83%d1%81%d1%82%d0%b0%d0%b5%d0%bd-%d0%b0%d0%bf%d0%b0%d1%80%d1%82%d0%b0%d0%bc%d0%b5%d0%bd%d1%82-%d0%b2-%d1%81%d0%b0%d0%bd%d0%b4%d0%b0%d0%bd%d1%81%d0%ba%d0%b8/,200_candidate,Default preservation candidate; verify equivalent migrated content before launch.,listing,makler-realty.com
https://makler-realty.com/listing/%d0%b4%d0%b2%d1%83%d1%81%d1%82%d0%b0%d0%b5%d0%bd-%d0%b0%d0%bf%d0%b0%d1%80%d1%82%d0%b0%d0%bc%d0%b5%d0%bd%d1%82-%d0%b2-%d1%86%d0%b5%d0%bd%d1%82%d1%8a%d1%80%d0%b0-%d0%bd%d0%b0-%d1%81%d0%b0%d0%bd%d0%b4/,https://makler-realty.com/listing/%d0%b4%d0%b2%d1%83%d1%81%d1%82%d0%b0%d0%b5%d0%bd-%d0%b0%d0%bf%d0%b0%d1%80%d1%82%d0%b0%d0%bc%d0%b5%d0%bd%d1%82-%d0%b2-%d1%86%d0%b5%d0%bd%d1%82%d1%8a%d1%80%d0%b0-%d0%bd%d0%b0-%d1%81%d0%b0%d0%bd%d0%b4/,200_candidate,Default preservation candidate; verify equivalent migrated content before launch.,listing,makler-realty.com
https://makler-realty.com/listing/%d0%b4%d0%b2%d1%83%d1%81%d1%82%d0%b0%d0%b5%d0%bd-%d0%b0%d0%bf%d0%b0%d1%80%d1%82%d0%b0%d0%bc%d0%b5%d0%bd%d1%82-%d0%bf%d0%be%d0%b4-%d0%bd%d0%b0%d0%b5%d0%bc-%d0%b2-%d0%bf%d0%b0%d1%80%d0%ba%d0%b0-%d0%bd/,https://makler-realty.com/listing/%d0%b4%d0%b2%d1%83%d1%81%d1%82%d0%b0%d0%b5%d0%bd-%d0%b0%d0%bf%d0%b0%d1%80%d1%82%d0%b0%d0%bc%d0%b5%d0%bd%d1%82-%d0%bf%d0%be%d0%b4-%d0%bd%d0%b0%d0%b5%d0%bc-%d0%b2-%d0%bf%d0%b0%d1%80%d0%ba%d0%b0-%d0%bd/,200_candidate,Default preservation candidate; verify equivalent migrated content before launch.,listing,makler-realty.com
https://makler-realty.com/listing/%d0%b4%d0%b2%d1%83%d1%81%d1%82%d0%b0%d0%b5%d0%bd-%d0%b0%d0%bf%d0%b0%d1%80%d1%82%d0%b0%d0%bc%d0%b5%d0%bd%d1%82-%d1%86%d0%b5%d0%bd%d1%82%d1%8a%d1%80-%d1%81%d0%b0%d0%bd%d0%b4%d0%b0%d0%bd%d1%81%d0%ba/,https://makler-realty.com/listing/%d0%b4%d0%b2%d1%83%d1%81%d1%82%d0%b0%d0%b5%d0%bd-%d0%b0%d0%bf%d0%b0%d1%80%d1%82%d0%b0%d0%bc%d0%b5%d0%bd%d1%82-%d1%86%d0%b5%d0%bd%d1%82%d1%8a%d1%80-%d1%81%d0%b0%d0%bd%d0%b4%d0%b0%d0%bd%d1%81%d0%ba/,200_candidate,Default preservation candidate; verify equivalent migrated content before launch.,listing,makler-realty.com
https://makler-realty.com/listing/%d0%b4%d1%8a%d0%bb%d0%b3%d0%be%d1%81%d1%80%d0%be%d1%87%d0%b5%d0%bd-%d0%bd%d0%b0%d0%b5%d0%bc-%d0%b2-%d0%bf%d0%b0%d1%80%d0%ba-%d1%85%d0%be%d1%82%d0%b5%d0%bb-%d0%bf%d0%b8%d1%80%d0%b8%d0%bd-%d0%b3%d1%80/,https://makler-realty.com/listing/%d0%b4%d1%8a%d0%bb%d0%b3%d0%be%d1%81%d1%80%d0%be%d1%87%d0%b5%d0%bd-%d0%bd%d0%b0%d0%b5%d0%bc-%d0%b2-%d0%bf%d0%b0%d1%80%d0%ba-%d1%85%d0%be%d1%82%d0%b5%d0%bb-%d0%bf%d0%b8%d1%80%d0%b8%d0%bd-%d0%b3%d1%80/,200_candidate,Default preservation candidate; verify equivalent migrated content before launch.,listing,makler-realty.com
https://makler-realty.com/listing/%d0%b8%d0%bd%d0%b2%d0%b5%d1%81%d1%82%d0%b8%d1%86%d0%b8%d0%be%d0%bd%d0%b5%d0%bd-%d0%bf%d1%80%d0%be%d0%b5%d0%ba%d1%82-%d0%b2-%d1%81%d0%b0%d0%bd%d0%b4%d0%b0%d0%bd%d1%81%d0%ba%d0%b8/,https://makler-realty.com/listing/%d0%b8%d0%bd%d0%b2%d0%b5%d1%81%d1%82%d0%b8%d1%86%d0%b8%d0%be%d0%bd%d0%b5%d0%bd-%d0%bf%d1%80%d0%be%d0%b5%d0%ba%d1%82-%d0%b2-%d1%81%d0%b0%d0%bd%d0%b4%d0%b0%d0%bd%d1%81%d0%ba%d0%b8/,200_candidate,Default preservation candidate; verify equivalent migrated content before launch.,listing,makler-realty.com
https://makler-realty.com/listing/%d0%ba%d1%8a%d1%89%d0%b0-%d0%b7%d0%b0-%d0%bf%d1%80%d0%be%d0%b4%d0%b0%d0%b6%d0%b1%d0%b0-%d0%b2-%d1%81-%d1%85%d0%be%d1%82%d0%be%d0%b2%d0%be-%d0%b8%d0%bc%d0%be%d1%82-%d1%81-%d0%bf%d0%b0%d1%80/,https://makler-realty.com/listing/%d0%ba%d1%8a%d1%89%d0%b0-%d0%b7%d0%b0-%d0%bf%d1%80%d0%be%d0%b4%d0%b0%d0%b6%d0%b1%d0%b0-%d0%b2-%d1%81-%d1%85%d0%be%d1%82%d0%be%d0%b2%d0%be-%d0%b8%d0%bc%d0%be%d1%82-%d1%81-%d0%bf%d0%b0%d1%80/,200_candidate,Default preservation candidate; verify equivalent migrated content before launch.,listing,makler-realty.com
https://makler-realty.com/listing/%d0%bd%d0%b0%d0%b5%d0%bc-%d0%b4%d0%b2%d1%83%d1%81%d1%82%d0%b0%d0%b5%d0%bd-%d0%b0%d0%bf%d0%b0%d1%80%d1%82%d0%b0%d0%bc%d0%b5%d0%bd%d1%82-%d0%b2-%d1%81%d0%b0%d0%bd%d0%b4%d0%b0%d0%bd%d1%81%d0%ba%d0%b8/,https://makler-realty.com/listing/%d0%bd%d0%b0%d0%b5%d0%bc-%d0%b4%d0%b2%d1%83%d1%81%d1%82%d0%b0%d0%b5%d0%bd-%d0%b0%d0%bf%d0%b0%d1%80%d1%82%d0%b0%d0%bc%d0%b5%d0%bd%d1%82-%d0%b2-%d1%81%d0%b0%d0%bd%d0%b4%d0%b0%d0%bd%d1%81%d0%ba%d0%b8/,200_candidate,Default preservation candidate; verify equivalent migrated content before launch.,listing,makler-realty.com
https://makler-realty.com/listing/%d0%bd%d0%be%d0%b2%d0%b0-%d0%ba%d1%8a%d1%89%d0%b0-%d0%bf%d0%be%d0%b4-%d0%bd%d0%b0%d0%b5%d0%bc-%d0%b2-%d1%81-%d0%bc%d0%b8%d0%ba%d1%80%d0%b5%d0%b2%d0%be/,https://makler-realty.com/listing/%d0%bd%d0%be%d0%b2%d0%b0-%d0%ba%d1%8a%d1%89%d0%b0-%d0%bf%d0%be%d0%b4-%d0%bd%d0%b0%d0%b5%d0%bc-%d0%b2-%d1%81-%d0%bc%d0%b8%d0%ba%d1%80%d0%b5%d0%b2%d0%be/,200_candidate,Default preservation candidate; verify equivalent migrated content before launch.,listing,makler-realty.com
https://makler-realty.com/listing/%d0%bd%d0%be%d0%b2%d0%be%d1%81%d1%82%d1%80%d0%be%d1%8f%d1%89%d0%b8-%d1%81%d0%b5-%d0%ba%d1%8a%d1%89%d0%b8-%d0%b2-%d1%81-%d0%b4%d0%b6%d0%b8%d0%b3%d1%83%d1%80%d0%be%d0%b2%d0%be/,https://makler-realty.com/listing/%d0%bd%d0%be%d0%b2%d0%be%d1%81%d1%82%d1%80%d0%be%d1%8f%d1%89%d0%b8-%d1%81%d0%b5-%d0%ba%d1%8a%d1%89%d0%b8-%d0%b2-%d1%81-%d0%b4%d0%b6%d0%b8%d0%b3%d1%83%d1%80%d0%be%d0%b2%d0%be/,200_candidate,Default preservation candidate; verify equivalent migrated content before launch.,listing,makler-realty.com
https://makler-realty.com/listing/%d0%bd%d0%be%d0%b2-%d0%b4%d0%b2%d1%83%d1%81%d1%82%d0%b0%d0%b5%d0%bd-%d0%b0%d0%bf%d0%b0%d1%80%d1%82%d0%b0%d0%bc%d0%b5%d0%bd%d1%82-%d0%b2-%d0%b3%d1%80-%d1%81%d0%b0%d0%bd%d0%b4%d0%b0%d0%bd%d1%81%d0%ba/,https://makler-realty.com/listing/%d0%bd%d0%be%d0%b2-%d0%b4%d0%b2%d1%83%d1%81%d1%82%d0%b0%d0%b5%d0%bd-%d0%b0%d0%bf%d0%b0%d1%80%d1%82%d0%b0%d0%bc%d0%b5%d0%bd%d1%82-%d0%b2-%d0%b3%d1%80-%d1%81%d0%b0%d0%bd%d0%b4%d0%b0%d0%bd%d1%81%d0%ba/,200_candidate,Default preservation candidate; verify equivalent migrated content before launch.,listing,makler-realty.com
https://makler-realty.com/listing/%d0%be%d0%b1%d0%be%d1%80%d1%83%d0%b4%d0%b2%d0%b0%d0%bd%d0%b0-%d0%be%d1%80%d0%b0%d0%bd%d0%b6%d0%b5%d1%80%d0%b8%d1%8f-%d0%b2-%d0%b3%d1%80-%d1%81%d0%b0%d0%bd%d0%b4%d0%b0%d0%bd%d1%81%d0%ba%d0%b8/,https://makler-realty.com/listing/%d0%be%d0%b1%d0%be%d1%80%d1%83%d0%b4%d0%b2%d0%b0%d0%bd%d0%b0-%d0%be%d1%80%d0%b0%d0%bd%d0%b6%d0%b5%d1%80%d0%b8%d1%8f-%d0%b2-%d0%b3%d1%80-%d1%81%d0%b0%d0%bd%d0%b4%d0%b0%d0%bd%d1%81%d0%ba%d0%b8/,200_candidate,Default preservation candidate; verify equivalent migrated content before launch.,listing,makler-realty.com
https://makler-realty.com/listing/%d0%be%d1%84%d0%b8%d1%81%d0%b8%d0%bc%d0%b0%d0%b3%d0%b0%d0%b7%d0%b8%d0%bd%d0%b8-%d0%bf%d0%be%d0%b4-%d0%bd%d0%b0%d0%b5%d0%bc-%d0%b2-%d0%b3%d1%80-%d1%81%d0%b0%d0%bd%d0%b4%d0%b0%d0%bd%d1%81%d0%ba%d0%b8/,https://makler-realty.com/listing/%d0%be%d1%84%d0%b8%d1%81%d0%b8%d0%bc%d0%b0%d0%b3%d0%b0%d0%b7%d0%b8%d0%bd%d0%b8-%d0%bf%d0%be%d0%b4-%d0%bd%d0%b0%d0%b5%d0%bc-%d0%b2-%d0%b3%d1%80-%d1%81%d0%b0%d0%bd%d0%b4%d0%b0%d0%bd%d1%81%d0%ba%d0%b8/,200_candidate,Default preservation candidate; verify equivalent migrated content before launch.,listing,makler-realty.com
https://makler-realty.com/listing/%d0%be%d1%84%d0%b8%d1%81-%d0%bf%d0%be%d0%b4-%d0%bd%d0%b0%d0%b5%d0%bc-%d0%b2-%d1%86%d0%b5%d0%bd%d1%82%d1%8a%d1%80%d0%b0-%d0%bd%d0%b0-%d0%b3%d1%80-%d1%81%d0%b0%d0%bd%d0%b4%d0%b0%d0%bd%d1%81%d0%ba%d0%b8/,https://makler-realty.com/listing/%d0%be%d1%84%d0%b8%d1%81-%d0%bf%d0%be%d0%b4-%d0%bd%d0%b0%d0%b5%d0%bc-%d0%b2-%d1%86%d0%b5%d0%bd%d1%82%d1%8a%d1%80%d0%b0-%d0%bd%d0%b0-%d0%b3%d1%80-%d1%81%d0%b0%d0%bd%d0%b4%d0%b0%d0%bd%d1%81%d0%ba%d0%b8/,200_candidate,Default preservation candidate; verify equivalent migrated content before launch.,listing,makler-realty.com
https://makler-realty.com/listing/%d0%bf%d0%b0%d0%bd%d0%be%d1%80%d0%b0%d0%bc%d0%b5%d0%bd-%d0%b4%d0%b2%d1%83%d1%81%d1%82%d0%b0%d0%b5%d0%bd-%d0%b0%d0%bf%d0%b0%d1%80%d1%82%d0%b0%d0%bc%d0%b5%d0%bd%d1%82-%d1%81-%d0%b3%d0%b0%d1%80%d0%b0/,https://makler-realty.com/listing/%d0%bf%d0%b0%d0%bd%d0%be%d1%80%d0%b0%d0%bc%d0%b5%d0%bd-%d0%b4%d0%b2%d1%83%d1%81%d1%82%d0%b0%d0%b5%d0%bd-%d0%b0%d0%bf%d0%b0%d1%80%d1%82%d0%b0%d0%bc%d0%b5%d0%bd%d1%82-%d1%81-%d0%b3%d0%b0%d1%80%d0%b0/,200_candidate,Default preservation candidate; verify equivalent migrated content before launch.,listing,makler-realty.com
https://makler-realty.com/listing/%d0%bf%d0%be%d0%b4-%d0%bd%d0%b0%d0%b5%d0%bc-%d0%bf%d1%80%d0%be%d0%b8%d0%b7%d0%b2%d0%be%d0%b4%d1%81%d1%82%d0%b2%d0%b5%d0%bd%d0%be-%d0%bf%d0%be%d0%bc%d0%b5%d1%89%d0%b5%d0%bd%d0%b8%d0%b5/,https://makler-realty.com/listing/%d0%bf%d0%be%d0%b4-%d0%bd%d0%b0%d0%b5%d0%bc-%d0%bf%d1%80%d0%be%d0%b8%d0%b7%d0%b2%d0%be%d0%b4%d1%81%d1%82%d0%b2%d0%b5%d0%bd%d0%be-%d0%bf%d0%be%d0%bc%d0%b5%d1%89%d0%b5%d0%bd%d0%b8%d0%b5/,200_candidate,Default preservation candidate; verify equivalent migrated content before launch.,listing,makler-realty.com
https://makler-realty.com/listing/%d0%bf%d1%80%d0%b5%d0%ba%d1%80%d0%b0%d1%81%d0%bd%d0%b0-%d0%ba%d1%8a%d1%89%d0%b0-%d0%b2-%d0%b1%d0%bb%d0%b8%d0%b7%d0%be%d1%81%d1%82-%d0%b4%d0%be-%d1%81%d0%b0%d0%bd%d0%b4%d0%b0%d0%bd%d1%81%d0%ba%d0%b8/,https://makler-realty.com/listing/%d0%bf%d1%80%d0%b5%d0%ba%d1%80%d0%b0%d1%81%d0%bd%d0%b0-%d0%ba%d1%8a%d1%89%d0%b0-%d0%b2-%d0%b1%d0%bb%d0%b8%d0%b7%d0%be%d1%81%d1%82-%d0%b4%d0%be-%d1%81%d0%b0%d0%bd%d0%b4%d0%b0%d0%bd%d1%81%d0%ba%d0%b8/,200_candidate,Default preservation candidate; verify equivalent migrated content before launch.,listing,makler-realty.com
https://makler-realty.com/listing/%d0%bf%d1%80%d0%be%d0%b4%d0%b0%d0%b2%d0%b0-%d0%b0%d0%bf%d0%b0%d1%80%d1%82%d0%b0%d0%bc%d0%b5%d0%bd%d1%82-%d0%b2-%d1%81%d0%be%d0%bb%d1%83%d0%bd/,https://makler-realty.com/listing/%d0%bf%d1%80%d0%be%d0%b4%d0%b0%d0%b2%d0%b0-%d0%b0%d0%bf%d0%b0%d1%80%d1%82%d0%b0%d0%bc%d0%b5%d0%bd%d1%82-%d0%b2-%d1%81%d0%be%d0%bb%d1%83%d0%bd/,200_candidate,Default preservation candidate; verify equivalent migrated content before launch.,listing,makler-realty.com
https://makler-realty.com/listing/%d0%bf%d1%80%d0%be%d0%b4%d0%b0%d0%b2%d0%b0-%d0%b2%d0%b8%d0%bb%d0%b0-%d0%b2-%d0%bf%d0%b8%d1%80%d0%b8%d0%bd-%d0%bf%d0%bb%d0%b0%d0%bd%d0%b8%d0%bd%d0%b0/,https://makler-realty.com/listing/%d0%bf%d1%80%d0%be%d0%b4%d0%b0%d0%b2%d0%b0-%d0%b2%d0%b8%d0%bb%d0%b0-%d0%b2-%d0%bf%d0%b8%d1%80%d0%b8%d0%bd-%d0%bf%d0%bb%d0%b0%d0%bd%d0%b8%d0%bd%d0%b0/,200_candidate,Default preservation candidate; verify equivalent migrated content before launch.,listing,makler-realty.com
https://makler-realty.com/listing/%d0%bf%d1%80%d0%be%d0%b4%d0%b0%d0%b2%d0%b0-%d0%b3%d0%be%d0%bb%d1%8f%d0%bc%d0%b0-%d0%ba%d1%8a%d1%89%d0%b0-%d0%b2-%d1%81%d0%b0%d0%bd%d0%b4%d0%b0%d0%bd%d1%81%d0%ba%d0%b8/,https://makler-realty.com/listing/%d0%bf%d1%80%d0%be%d0%b4%d0%b0%d0%b2%d0%b0-%d0%b3%d0%be%d0%bb%d1%8f%d0%bc%d0%b0-%d0%ba%d1%8a%d1%89%d0%b0-%d0%b2-%d1%81%d0%b0%d0%bd%d0%b4%d0%b0%d0%bd%d1%81%d0%ba%d0%b8/,200_candidate,Default preservation candidate; verify equivalent migrated content before launch.,listing,makler-realty.com
https://makler-realty.com/listing/%d0%bf%d1%80%d0%be%d0%b4%d0%b0%d0%b2%d0%b0-%d0%b4%d0%b2%d1%83%d1%81%d1%82%d0%b0%d0%b5%d0%bd-%d0%b0%d0%bf%d0%b0%d1%80%d1%82%d0%b0%d0%bc%d0%b5%d0%bd%d1%82-%d0%b2-%d0%b3%d1%80-%d1%81%d0%b0%d0%bd%d0%b4/,https://makler-realty.com/listing/%d0%bf%d1%80%d0%be%d0%b4%d0%b0%d0%b2%d0%b0-%d0%b4%d0%b2%d1%83%d1%81%d1%82%d0%b0%d0%b5%d0%bd-%d0%b0%d0%bf%d0%b0%d1%80%d1%82%d0%b0%d0%bc%d0%b5%d0%bd%d1%82-%d0%b2-%d0%b3%d1%80-%d1%81%d0%b0%d0%bd%d0%b4/,200_candidate,Default preservation candidate; verify equivalent migrated content before launch.,listing,makler-realty.com
https://makler-realty.com/listing/%d0%bf%d1%80%d0%be%d0%b4%d0%b0%d0%b2%d0%b0-%d0%b4%d0%b2%d1%83%d1%81%d1%82%d0%b0%d0%b5%d0%bd-%d0%b0%d0%bf%d0%b0%d1%80%d1%82%d0%b0%d0%bc%d0%b5%d0%bd%d1%82-%d0%b2-%d1%86%d0%b5%d0%bd%d1%82%d1%8a%d1%80/,https://makler-realty.com/listing/%d0%bf%d1%80%d0%be%d0%b4%d0%b0%d0%b2%d0%b0-%d0%b4%d0%b2%d1%83%d1%81%d1%82%d0%b0%d0%b5%d0%bd-%d0%b0%d0%bf%d0%b0%d1%80%d1%82%d0%b0%d0%bc%d0%b5%d0%bd%d1%82-%d0%b2-%d1%86%d0%b5%d0%bd%d1%82%d1%8a%d1%80/,200_candidate,Default preservation candidate; verify equivalent migrated content before launch.,listing,makler-realty.com
https://makler-realty.com/listing/%d0%bf%d1%80%d0%be%d0%b4%d0%b0%d0%b2%d0%b0-%d0%b5%d0%b4%d0%bd%d0%be%d1%81%d1%82%d0%b0%d0%b5%d0%bd-%d0%b0%d0%bf%d0%b0%d1%80%d1%82%d0%b0%d0%bc%d0%b5%d0%bd%d1%82%d1%81%d1%82%d1%83%d0%b4%d0%b8%d0%be/,https://makler-realty.com/listing/%d0%bf%d1%80%d0%be%d0%b4%d0%b0%d0%b2%d0%b0-%d0%b5%d0%b4%d0%bd%d0%be%d1%81%d1%82%d0%b0%d0%b5%d0%bd-%d0%b0%d0%bf%d0%b0%d1%80%d1%82%d0%b0%d0%bc%d0%b5%d0%bd%d1%82%d1%81%d1%82%d1%83%d0%b4%d0%b8%d0%be/,200_candidate,Default preservation candidate; verify equivalent migrated content before launch.,listing,makler-realty.com
https://makler-realty.com/listing/%d0%bf%d1%80%d0%be%d0%b4%d0%b0%d0%b2%d0%b0-%d0%b5%d0%b4%d0%bd%d0%be%d1%81%d1%82%d0%b0%d0%b5%d0%bd-%d0%b0%d0%bf%d0%b0%d1%80%d1%82%d0%b0%d0%bc%d0%b5%d0%bd%d1%82/,https://makler-realty.com/listing/%d0%bf%d1%80%d0%be%d0%b4%d0%b0%d0%b2%d0%b0-%d0%b5%d0%b4%d0%bd%d0%be%d1%81%d1%82%d0%b0%d0%b5%d0%bd-%d0%b0%d0%bf%d0%b0%d1%80%d1%82%d0%b0%d0%bc%d0%b5%d0%bd%d1%82/,200_candidate,Default preservation candidate; verify equivalent migrated content before launch.,listing,makler-realty.com
https://makler-realty.com/listing/%d0%bf%d1%80%d0%be%d0%b4%d0%b0%d0%b2%d0%b0-%d0%b5%d1%82%d0%b0%d0%b6-%d0%be%d1%82-%d0%ba%d1%8a%d1%89%d0%b0-%d0%b2-%d0%b3%d1%80-%d1%81%d0%b0%d0%bd%d0%b4%d0%b0%d0%bd%d1%81%d0%ba%d0%b8/,https://makler-realty.com/listing/%d0%bf%d1%80%d0%be%d0%b4%d0%b0%d0%b2%d0%b0-%d0%b5%d1%82%d0%b0%d0%b6-%d0%be%d1%82-%d0%ba%d1%8a%d1%89%d0%b0-%d0%b2-%d0%b3%d1%80-%d1%81%d0%b0%d0%bd%d0%b4%d0%b0%d0%bd%d1%81%d0%ba%d0%b8/,200_candidate,Default preservation candidate; verify equivalent migrated content before launch.,listing,makler-realty.com
https://makler-realty.com/listing/%d0%bf%d1%80%d0%be%d0%b4%d0%b0%d0%b2%d0%b0-%d0%b5%d1%82%d0%b0%d0%b6-%d0%be%d1%82-%d0%ba%d1%8a%d1%89%d0%b0-%d0%b2-%d1%81%d0%b0%d0%bd%d0%b4%d0%b0%d0%bd%d1%81%d0%ba%d0%b8/,https://makler-realty.com/listing/%d0%bf%d1%80%d0%be%d0%b4%d0%b0%d0%b2%d0%b0-%d0%b5%d1%82%d0%b0%d0%b6-%d0%be%d1%82-%d0%ba%d1%8a%d1%89%d0%b0-%d0%b2-%d1%81%d0%b0%d0%bd%d0%b4%d0%b0%d0%bd%d1%81%d0%ba%d0%b8/,200_candidate,Default preservation candidate; verify equivalent migrated content before launch.,listing,makler-realty.com
https://makler-realty.com/listing/%d0%bf%d1%80%d0%be%d0%b4%d0%b0%d0%b2%d0%b0-%d0%b5%d1%82%d0%b0%d0%b6-%d0%be%d1%82-%d0%ba%d1%8a%d1%89%d0%b0-%d0%b2-%d1%81-%d0%bf%d0%be%d0%bb%d0%b5%d0%bd%d0%b8%d1%86%d0%b0/,https://makler-realty.com/listing/%d0%bf%d1%80%d0%be%d0%b4%d0%b0%d0%b2%d0%b0-%d0%b5%d1%82%d0%b0%d0%b6-%d0%be%d1%82-%d0%ba%d1%8a%d1%89%d0%b0-%d0%b2-%d1%81-%d0%bf%d0%be%d0%bb%d0%b5%d0%bd%d0%b8%d1%86%d0%b0/,200_candidate,Default preservation candidate; verify equivalent migrated content before launch.,listing,makler-realty.com
https://makler-realty.com/listing/%d0%bf%d1%80%d0%be%d0%b4%d0%b0%d0%b2%d0%b0-%d0%b5%d1%82%d0%b0%d0%b6-%d0%be%d1%82-%d0%ba%d1%8a%d1%89%d0%b0-%d0%b2-%d1%88%d0%b8%d1%80%d0%be%d0%ba%d0%b8%d1%8f-%d1%86%d0%b5%d0%bd%d1%82%d1%8a%d1%80-%d0%bd/,https://makler-realty.com/listing/%d0%bf%d1%80%d0%be%d0%b4%d0%b0%d0%b2%d0%b0-%d0%b5%d1%82%d0%b0%d0%b6-%d0%be%d1%82-%d0%ba%d1%8a%d1%89%d0%b0-%d0%b2-%d1%88%d0%b8%d1%80%d0%be%d0%ba%d0%b8%d1%8f-%d1%86%d0%b5%d0%bd%d1%82%d1%8a%d1%80-%d0%bd/,200_candidate,Default preservation candidate; verify equivalent migrated content before launch.,listing,makler-realty.com
https://makler-realty.com/listing/%d0%bf%d1%80%d0%be%d0%b4%d0%b0%d0%b2%d0%b0-%d0%b5%d1%82%d0%b0%d0%b6-%d0%be%d1%82-%d0%ba%d1%8a%d1%89%d0%b0-%d1%81-%d0%bf%d0%b0%d1%80%d1%86%d0%b5%d0%bb-%d0%b2-%d1%81-%d0%bb%d0%b5%d0%b2%d1%83%d0%bd%d0%be/,https://makler-realty.com/listing/%d0%bf%d1%80%d0%be%d0%b4%d0%b0%d0%b2%d0%b0-%d0%b5%d1%82%d0%b0%d0%b6-%d0%be%d1%82-%d0%ba%d1%8a%d1%89%d0%b0-%d1%81-%d0%bf%d0%b0%d1%80%d1%86%d0%b5%d0%bb-%d0%b2-%d1%81-%d0%bb%d0%b5%d0%b2%d1%83%d0%bd%d0%be/,200_candidate,Default preservation candidate; verify equivalent migrated content before launch.,listing,makler-realty.com
https://makler-realty.com/listing/%d0%bf%d1%80%d0%be%d0%b4%d0%b0%d0%b2%d0%b0-%d0%b7%d0%b5%d0%bc%d0%b5%d0%b4%d0%b5%d0%bb%d1%81%d0%ba%d0%b0-%d0%b7%d0%b5%d0%bc%d1%8f-%d1%81-%d0%b4%d0%b6%d0%b8%d0%b3%d1%83%d1%80%d0%be%d0%b2%d0%be/,https://makler-realty.com/listing/%d0%bf%d1%80%d0%be%d0%b4%d0%b0%d0%b2%d0%b0-%d0%b7%d0%b5%d0%bc%d0%b5%d0%b4%d0%b5%d0%bb%d1%81%d0%ba%d0%b0-%d0%b7%d0%b5%d0%bc%d1%8f-%d1%81-%d0%b4%d0%b6%d0%b8%d0%b3%d1%83%d1%80%d0%be%d0%b2%d0%be/,200_candidate,Default preservation candidate; verify equivalent migrated content before launch.,listing,makler-realty.com
https://makler-realty.com/listing/%d0%bf%d1%80%d0%be%d0%b4%d0%b0%d0%b2%d0%b0-%d0%b7%d0%b5%d0%bc%d1%8f-%d0%bd%d0%b0-%d0%b579-%d0%b2-%d1%81%d0%b0%d0%bd%d0%b4%d0%b0%d0%bd%d1%81%d0%ba%d0%b8/,https://makler-realty.com/listing/%d0%bf%d1%80%d0%be%d0%b4%d0%b0%d0%b2%d0%b0-%d0%b7%d0%b5%d0%bc%d1%8f-%d0%bd%d0%b0-%d0%b579-%d0%b2-%d1%81%d0%b0%d0%bd%d0%b4%d0%b0%d0%bd%d1%81%d0%ba%d0%b8/,200_candidate,Default preservation candidate; verify equivalent migrated content before launch.,listing,makler-realty.com
https://makler-realty.com/listing/%d0%bf%d1%80%d0%be%d0%b4%d0%b0%d0%b2%d0%b0-%d0%b8%d0%bc%d0%b5%d0%bd%d0%b8%d0%b5-%d0%b2-%d0%b3%d1%80-%d1%81%d0%b0%d0%bd%d0%b4%d0%b0%d0%bd%d1%81%d0%ba%d0%b8/,https://makler-realty.com/listing/%d0%bf%d1%80%d0%be%d0%b4%d0%b0%d0%b2%d0%b0-%d0%b8%d0%bc%d0%b5%d0%bd%d0%b8%d0%b5-%d0%b2-%d0%b3%d1%80-%d1%81%d0%b0%d0%bd%d0%b4%d0%b0%d0%bd%d1%81%d0%ba%d0%b8/,200_candidate,Default preservation candidate; verify equivalent migrated content before launch.,listing,makler-realty.com
https://makler-realty.com/listing/%d0%bf%d1%80%d0%be%d0%b4%d0%b0%d0%b2%d0%b0-%d0%b8%d0%bc%d0%be%d1%82-%d0%b2-%d0%bc-%d1%80%d0%b0%d0%bd%d0%ba%d0%be%d0%b2%d0%b5%d1%86-%d0%b3%d1%80-%d1%81%d0%b0%d0%bd%d0%b4%d0%b0%d0%bd%d1%81%d0%ba%d0%b8/,https://makler-realty.com/listing/%d0%bf%d1%80%d0%be%d0%b4%d0%b0%d0%b2%d0%b0-%d0%b8%d0%bc%d0%be%d1%82-%d0%b2-%d0%bc-%d1%80%d0%b0%d0%bd%d0%ba%d0%be%d0%b2%d0%b5%d1%86-%d0%b3%d1%80-%d1%81%d0%b0%d0%bd%d0%b4%d0%b0%d0%bd%d1%81%d0%ba%d0%b8/,200_candidate,Default preservation candidate; verify equivalent migrated content before launch.,listing,makler-realty.com
https://makler-realty.com/listing/%d0%bf%d1%80%d0%be%d0%b4%d0%b0%d0%b2%d0%b0-%d0%b8%d0%bc%d0%be%d1%82-%d0%b2-%d1%81-%d0%bb%d0%b0%d1%81%d0%ba%d0%b0%d1%80%d0%b5%d0%b2%d0%be/,https://makler-realty.com/listing/%d0%bf%d1%80%d0%be%d0%b4%d0%b0%d0%b2%d0%b0-%d0%b8%d0%bc%d0%be%d1%82-%d0%b2-%d1%81-%d0%bb%d0%b0%d1%81%d0%ba%d0%b0%d1%80%d0%b5%d0%b2%d0%be/,200_candidate,Default preservation candidate; verify equivalent migrated content before launch.,listing,makler-realty.com
https://makler-realty.com/listing/%d0%bf%d1%80%d0%be%d0%b4%d0%b0%d0%b2%d0%b0-%d0%b8%d0%bc%d0%be%d1%82-%d0%b2-%d1%86%d0%b5%d0%bd%d1%82%d1%8a%d1%80%d0%b0-%d0%bd%d0%b0-%d1%81-%d0%bb%d0%b5%d0%b2%d1%83%d0%bd%d0%be%d0%b2%d0%be/,https://makler-realty.com/listing/%d0%bf%d1%80%d0%be%d0%b4%d0%b0%d0%b2%d0%b0-%d0%b8%d0%bc%d0%be%d1%82-%d0%b2-%d1%86%d0%b5%d0%bd%d1%82%d1%8a%d1%80%d0%b0-%d0%bd%d0%b0-%d1%81-%d0%bb%d0%b5%d0%b2%d1%83%d0%bd%d0%be%d0%b2%d0%be/,200_candidate,Default preservation candidate; verify equivalent migrated content before launch.,listing,makler-realty.com
https://makler-realty.com/listing/%d0%bf%d1%80%d0%be%d0%b4%d0%b0%d0%b2%d0%b0-%d0%b8%d0%bc%d0%be%d1%82-%d0%bd%d0%b0-%d0%b3%d0%bb-%d0%bf%d1%8a%d1%82-%d0%b579-%d0%b2-%d0%b3%d1%80-%d1%81%d0%b0%d0%bd%d0%b4%d0%b0%d0%bd%d1%81%d0%ba%d0%b8/,https://makler-realty.com/listing/%d0%bf%d1%80%d0%be%d0%b4%d0%b0%d0%b2%d0%b0-%d0%b8%d0%bc%d0%be%d1%82-%d0%bd%d0%b0-%d0%b3%d0%bb-%d0%bf%d1%8a%d1%82-%d0%b579-%d0%b2-%d0%b3%d1%80-%d1%81%d0%b0%d0%bd%d0%b4%d0%b0%d0%bd%d1%81%d0%ba%d0%b8/,200_candidate,Default preservation candidate; verify equivalent migrated content before launch.,listing,makler-realty.com
https://makler-realty.com/listing/%d0%bf%d1%80%d0%be%d0%b4%d0%b0%d0%b2%d0%b0-%d0%ba%d1%8a%d1%89%d0%b0-%d0%b2-%d0%b3%d1%8a%d1%80%d1%86%d0%b8%d1%8f-%d0%b5%d1%80%d0%b5%d1%82%d1%80%d0%b8%d1%8f-%d0%ba%d0%be%d1%82%d1%80%d0%be%d0%bd%d0%b8/,https://makler-realty.com/listing/%d0%bf%d1%80%d0%be%d0%b4%d0%b0%d0%b2%d0%b0-%d0%ba%d1%8a%d1%89%d0%b0-%d0%b2-%d0%b3%d1%8a%d1%80%d1%86%d0%b8%d1%8f-%d0%b5%d1%80%d0%b5%d1%82%d1%80%d0%b8%d1%8f-%d0%ba%d0%be%d1%82%d1%80%d0%be%d0%bd%d0%b8/,200_candidate,Default preservation candidate; verify equivalent migrated content before launch.,listing,makler-realty.com
https://makler-realty.com/listing/%d0%bf%d1%80%d0%be%d0%b4%d0%b0%d0%b2%d0%b0-%d0%ba%d1%8a%d1%89%d0%b0-%d0%b2-%d1%81-%d0%ba%d1%83%d0%bb%d0%b0%d1%82%d0%b0/,https://makler-realty.com/listing/%d0%bf%d1%80%d0%be%d0%b4%d0%b0%d0%b2%d0%b0-%d0%ba%d1%8a%d1%89%d0%b0-%d0%b2-%d1%81-%d0%ba%d1%83%d0%bb%d0%b0%d1%82%d0%b0/,200_candidate,Default preservation candidate; verify equivalent migrated content before launch.,listing,makler-realty.com
https://makler-realty.com/listing/%d0%bf%d1%80%d0%be%d0%b4%d0%b0%d0%b2%d0%b0-%d0%ba%d1%8a%d1%89%d0%b0-%d0%b2-%d1%81-%d0%bf%d0%b8%d1%80%d0%b8%d0%bd/,https://makler-realty.com/listing/%d0%bf%d1%80%d0%be%d0%b4%d0%b0%d0%b2%d0%b0-%d0%ba%d1%8a%d1%89%d0%b0-%d0%b2-%d1%81-%d0%bf%d0%b8%d1%80%d0%b8%d0%bd/,200_candidate,Default preservation candidate; verify equivalent migrated content before launch.,listing,makler-realty.com
https://makler-realty.com/listing/%d0%bf%d1%80%d0%be%d0%b4%d0%b0%d0%b2%d0%b0-%d0%ba%d1%8a%d1%89%d0%b0-%d0%b2-%d1%81-%d0%bf%d0%be%d0%bb%d0%b5%d0%bd%d0%b8%d1%86%d0%b0/,https://makler-realty.com/listing/%d0%bf%d1%80%d0%be%d0%b4%d0%b0%d0%b2%d0%b0-%d0%ba%d1%8a%d1%89%d0%b0-%d0%b2-%d1%81-%d0%bf%d0%be%d0%bb%d0%b5%d0%bd%d0%b8%d1%86%d0%b0/,200_candidate,Default preservation candidate; verify equivalent migrated content before launch.,listing,makler-realty.com
https://makler-realty.com/listing/%d0%bf%d1%80%d0%be%d0%b4%d0%b0%d0%b2%d0%b0-%d0%ba%d1%8a%d1%89%d0%b0-%d0%b2-%d1%81-%d1%81%d0%bf%d0%b0%d1%82%d0%be%d0%b2%d0%be-%d0%be%d0%b1%d1%89%d0%b8%d0%bd%d0%b0-%d1%81%d0%b0%d0%bd%d0%b4%d0%b0%d0%bd/,https://makler-realty.com/listing/%d0%bf%d1%80%d0%be%d0%b4%d0%b0%d0%b2%d0%b0-%d0%ba%d1%8a%d1%89%d0%b0-%d0%b2-%d1%81-%d1%81%d0%bf%d0%b0%d1%82%d0%be%d0%b2%d0%be-%d0%be%d0%b1%d1%89%d0%b8%d0%bd%d0%b0-%d1%81%d0%b0%d0%bd%d0%b4%d0%b0%d0%bd/,200_candidate,Default preservation candidate; verify equivalent migrated content before launch.,listing,makler-realty.com
https://makler-realty.com/listing/%d0%bf%d1%80%d0%be%d0%b4%d0%b0%d0%b2%d0%b0-%d0%ba%d1%8a%d1%89%d0%b0-%d0%b2-%d1%81-%d1%86%d0%b0%d0%bf%d0%b0%d1%80%d0%b5%d0%b2%d0%be/,https://makler-realty.com/listing/%d0%bf%d1%80%d0%be%d0%b4%d0%b0%d0%b2%d0%b0-%d0%ba%d1%8a%d1%89%d0%b0-%d0%b2-%d1%81-%d1%86%d0%b0%d0%bf%d0%b0%d1%80%d0%b5%d0%b2%d0%be/,200_candidate,Default preservation candidate; verify equivalent migrated content before launch.,listing,makler-realty.com
https://makler-realty.com/listing/%d0%bf%d1%80%d0%be%d0%b4%d0%b0%d0%b2%d0%b0-%d0%ba%d1%8a%d1%89%d0%b0-%d1%81-%d0%b4%d0%b2%d0%be%d1%80-%d0%b2-%d0%b3%d1%80-%d1%81%d0%b0%d0%bd%d0%b4%d0%b0%d0%bd%d1%81%d0%ba%d0%b8/,https://makler-realty.com/listing/%d0%bf%d1%80%d0%be%d0%b4%d0%b0%d0%b2%d0%b0-%d0%ba%d1%8a%d1%89%d0%b0-%d1%81-%d0%b4%d0%b2%d0%be%d1%80-%d0%b2-%d0%b3%d1%80-%d1%81%d0%b0%d0%bd%d0%b4%d0%b0%d0%bd%d1%81%d0%ba%d0%b8/,200_candidate,Default preservation candidate; verify equivalent migrated content before launch.,listing,makler-realty.com
https://makler-realty.com/listing/%d0%bf%d1%80%d0%be%d0%b4%d0%b0%d0%b2%d0%b0-%d0%bc%d0%b5%d0%b7%d0%be%d0%bd%d0%b5%d1%82-%d0%b2-%d1%85%d0%b0%d0%bb%d0%ba%d0%b8%d0%b4%d0%b8%d0%ba%d0%b8-%d1%80-%d0%bd-%d0%b5%d0%bb%d0%b0%d0%bd%d0%b8-%d1%81/,https://makler-realty.com/listing/%d0%bf%d1%80%d0%be%d0%b4%d0%b0%d0%b2%d0%b0-%d0%bc%d0%b5%d0%b7%d0%be%d0%bd%d0%b5%d1%82-%d0%b2-%d1%85%d0%b0%d0%bb%d0%ba%d0%b8%d0%b4%d0%b8%d0%ba%d0%b8-%d1%80-%d0%bd-%d0%b5%d0%bb%d0%b0%d0%bd%d0%b8-%d1%81/,200_candidate,Default preservation candidate; verify equivalent migrated content before launch.,listing,makler-realty.com
https://makler-realty.com/listing/%d0%bf%d1%80%d0%be%d0%b4%d0%b0%d0%b2%d0%b0-%d0%bd%d0%be%d0%b2%d0%b0-%d0%ba%d1%8a%d1%89%d0%b0-%d0%b2-%d0%be%d0%b1%d1%89%d0%b8%d0%bd%d0%b0-%d1%81%d0%b0%d0%bd%d0%b4%d0%b0%d0%bd%d1%81%d0%ba%d0%b8/,https://makler-realty.com/listing/%d0%bf%d1%80%d0%be%d0%b4%d0%b0%d0%b2%d0%b0-%d0%bd%d0%be%d0%b2%d0%b0-%d0%ba%d1%8a%d1%89%d0%b0-%d0%b2-%d0%be%d0%b1%d1%89%d0%b8%d0%bd%d0%b0-%d1%81%d0%b0%d0%bd%d0%b4%d0%b0%d0%bd%d1%81%d0%ba%d0%b8/,200_candidate,Default preservation candidate; verify equivalent migrated content before launch.,listing,makler-realty.com
https://makler-realty.com/listing/%d0%bf%d1%80%d0%be%d0%b4%d0%b0%d0%b2%d0%b0-%d0%be%d1%80%d0%b0%d0%bd%d0%b6%d0%b5%d1%80%d0%b8%d1%8f-%d0%b2-%d1%81%d0%b0%d0%bd%d0%b4%d0%b0%d0%bd%d1%81%d0%ba%d0%b8/,https://makler-realty.com/listing/%d0%bf%d1%80%d0%be%d0%b4%d0%b0%d0%b2%d0%b0-%d0%be%d1%80%d0%b0%d0%bd%d0%b6%d0%b5%d1%80%d0%b8%d1%8f-%d0%b2-%d1%81%d0%b0%d0%bd%d0%b4%d0%b0%d0%bd%d1%81%d0%ba%d0%b8/,200_candidate,Default preservation candidate; verify equivalent migrated content before launch.,listing,makler-realty.com
https://makler-realty.com/listing/%d0%bf%d1%80%d0%be%d0%b4%d0%b0%d0%b2%d0%b0-%d0%be%d1%84%d0%b8%d1%81-%d0%b2-%d1%81%d0%b0%d0%bd%d0%b4%d0%b0%d0%bd%d1%81%d0%ba%d0%b8/,https://makler-realty.com/listing/%d0%bf%d1%80%d0%be%d0%b4%d0%b0%d0%b2%d0%b0-%d0%be%d1%84%d0%b8%d1%81-%d0%b2-%d1%81%d0%b0%d0%bd%d0%b4%d0%b0%d0%bd%d1%81%d0%ba%d0%b8/,200_candidate,Default preservation candidate; verify equivalent migrated content before launch.,listing,makler-realty.com
https://makler-realty.com/listing/%d0%bf%d1%80%d0%be%d0%b4%d0%b0%d0%b2%d0%b0-%d0%bf%d0%b0%d0%bd%d0%be%d1%80%d0%b0%d0%bc%d0%b5%d0%bd-%d0%b4%d0%b2%d1%83%d1%81%d1%82%d0%b0%d0%b5%d0%bd-%d0%b0%d0%bf%d0%b0%d1%80%d1%82%d0%b0%d0%bc%d0%b5/,https://makler-realty.com/listing/%d0%bf%d1%80%d0%be%d0%b4%d0%b0%d0%b2%d0%b0-%d0%bf%d0%b0%d0%bd%d0%be%d1%80%d0%b0%d0%bc%d0%b5%d0%bd-%d0%b4%d0%b2%d1%83%d1%81%d1%82%d0%b0%d0%b5%d0%bd-%d0%b0%d0%bf%d0%b0%d1%80%d1%82%d0%b0%d0%bc%d0%b5/,200_candidate,Default preservation candidate; verify equivalent migrated content before launch.,listing,makler-realty.com
https://makler-realty.com/listing/%d0%bf%d1%80%d0%be%d0%b4%d0%b0%d0%b2%d0%b0-%d0%bf%d0%b0%d1%80%d1%86%d0%b5%d0%bb-%d0%b2-%d1%81%d0%b0%d0%bd%d0%b4%d0%b0%d0%bd%d1%81%d0%ba%d0%b8-2/,https://makler-realty.com/listing/%d0%bf%d1%80%d0%be%d0%b4%d0%b0%d0%b2%d0%b0-%d0%bf%d0%b0%d1%80%d1%86%d0%b5%d0%bb-%d0%b2-%d1%81%d0%b0%d0%bd%d0%b4%d0%b0%d0%bd%d1%81%d0%ba%d0%b8-2/,200_candidate,Default preservation candidate; verify equivalent migrated content before launch.,listing,makler-realty.com
https://makler-realty.com/listing/%d0%bf%d1%80%d0%be%d0%b4%d0%b0%d0%b2%d0%b0-%d0%bf%d0%b0%d1%80%d1%86%d0%b5%d0%bb-%d0%b2-%d1%81%d0%b0%d0%bd%d0%b4%d0%b0%d0%bd%d1%81%d0%ba%d0%b8/,https://makler-realty.com/listing/%d0%bf%d1%80%d0%be%d0%b4%d0%b0%d0%b2%d0%b0-%d0%bf%d0%b0%d1%80%d1%86%d0%b5%d0%bb-%d0%b2-%d1%81%d0%b0%d0%bd%d0%b4%d0%b0%d0%bd%d1%81%d0%ba%d0%b8/,200_candidate,Default preservation candidate; verify equivalent migrated content before launch.,listing,makler-realty.com
https://makler-realty.com/listing/%d0%bf%d1%80%d0%be%d0%b4%d0%b0%d0%b2%d0%b0-%d0%bf%d0%b0%d1%80%d1%86%d0%b5%d0%bb-%d0%b2-%d1%81-%d0%bc%d0%b8%d0%ba%d1%80%d0%b5%d0%b2%d0%be/,https://makler-realty.com/listing/%d0%bf%d1%80%d0%be%d0%b4%d0%b0%d0%b2%d0%b0-%d0%bf%d0%b0%d1%80%d1%86%d0%b5%d0%bb-%d0%b2-%d1%81-%d0%bc%d0%b8%d0%ba%d1%80%d0%b5%d0%b2%d0%be/,200_candidate,Default preservation candidate; verify equivalent migrated content before launch.,listing,makler-realty.com
https://makler-realty.com/listing/%d0%bf%d1%80%d0%be%d0%b4%d0%b0%d0%b2%d0%b0-%d0%bf%d0%b0%d1%80%d1%86%d0%b5%d0%bb-%d0%b2-%d1%81-%d0%bf%d0%be%d0%bb%d0%b5%d0%bd%d0%b8%d1%86%d0%b0/,https://makler-realty.com/listing/%d0%bf%d1%80%d0%be%d0%b4%d0%b0%d0%b2%d0%b0-%d0%bf%d0%b0%d1%80%d1%86%d0%b5%d0%bb-%d0%b2-%d1%81-%d0%bf%d0%be%d0%bb%d0%b5%d0%bd%d0%b8%d1%86%d0%b0/,200_candidate,Default preservation candidate; verify equivalent migrated content before launch.,listing,makler-realty.com
https://makler-realty.com/listing/%d0%bf%d1%80%d0%be%d0%b4%d0%b0%d0%b2%d0%b0-%d0%bf%d0%b0%d1%80%d1%86%d0%b5%d0%bb-%d0%b2-%d1%81-%d1%85%d0%be%d1%82%d0%be%d0%b2%d0%be/,https://makler-realty.com/listing/%d0%bf%d1%80%d0%be%d0%b4%d0%b0%d0%b2%d0%b0-%d0%bf%d0%b0%d1%80%d1%86%d0%b5%d0%bb-%d0%b2-%d1%81-%d1%85%d0%be%d1%82%d0%be%d0%b2%d0%be/,200_candidate,Default preservation candidate; verify equivalent migrated content before launch.,listing,makler-realty.com
https://makler-realty.com/listing/%d0%bf%d1%80%d0%be%d0%b4%d0%b0%d0%b2%d0%b0-%d0%bf%d0%b0%d1%80%d1%86%d0%b5%d0%bb-%d0%b7%d0%b0-%d1%81%d1%82%d1%80%d0%be%d0%b8%d1%82%d0%b5%d0%bb%d1%81%d1%82%d0%b2%d0%be-%d0%b2-%d1%81%d0%b0%d0%bd%d0%b4/,https://makler-realty.com/listing/%d0%bf%d1%80%d0%be%d0%b4%d0%b0%d0%b2%d0%b0-%d0%bf%d0%b0%d1%80%d1%86%d0%b5%d0%bb-%d0%b7%d0%b0-%d1%81%d1%82%d1%80%d0%be%d0%b8%d1%82%d0%b5%d0%bb%d1%81%d1%82%d0%b2%d0%be-%d0%b2-%d1%81%d0%b0%d0%bd%d0%b4/,200_candidate,Default preservation candidate; verify equivalent migrated content before launch.,listing,makler-realty.com
https://makler-realty.com/listing/%d0%bf%d1%80%d0%be%d0%b4%d0%b0%d0%b2%d0%b0-%d0%bf%d0%b0%d1%80%d1%86%d0%b5%d0%bb-%d1%81%d1%82%d1%80%d0%be%d0%b8%d1%82%d0%b5%d0%bb%d1%81%d1%82%d0%b2%d0%be-%d1%81%d1%82%d1%80%d1%83%d0%bc%d1%8f%d0%bd/,https://makler-realty.com/listing/%d0%bf%d1%80%d0%be%d0%b4%d0%b0%d0%b2%d0%b0-%d0%bf%d0%b0%d1%80%d1%86%d0%b5%d0%bb-%d1%81%d1%82%d1%80%d0%be%d0%b8%d1%82%d0%b5%d0%bb%d1%81%d1%82%d0%b2%d0%be-%d1%81%d1%82%d1%80%d1%83%d0%bc%d1%8f%d0%bd/,200_candidate,Default preservation candidate; verify equivalent migrated content before launch.,listing,makler-realty.com
https://makler-realty.com/listing/%d0%bf%d1%80%d0%be%d0%b4%d0%b0%d0%b2%d0%b0-%d0%bf%d1%80%d0%be%d0%bc%d0%b8%d1%88%d0%bb%d0%b5%d0%bd%d0%b8-%d1%85%d0%b0%d0%bb%d0%b5%d1%82%d0%b0-%d0%b2-%d0%b1%d0%bb%d0%b8%d0%b7%d0%be%d1%81%d1%82-%d0%b4/,https://makler-realty.com/listing/%d0%bf%d1%80%d0%be%d0%b4%d0%b0%d0%b2%d0%b0-%d0%bf%d1%80%d0%be%d0%bc%d0%b8%d1%88%d0%bb%d0%b5%d0%bd%d0%b8-%d1%85%d0%b0%d0%bb%d0%b5%d1%82%d0%b0-%d0%b2-%d0%b1%d0%bb%d0%b8%d0%b7%d0%be%d1%81%d1%82-%d0%b4/,200_candidate,Default preservation candidate; verify equivalent migrated content before launch.,listing,makler-realty.com
https://makler-realty.com/listing/%d0%bf%d1%80%d0%be%d0%b4%d0%b0%d0%b2%d0%b0-%d1%81%d0%b5-%d0%b2%d0%b8%d0%bb%d0%b0-%d0%b2-%d1%81-%d0%b8%d0%b3%d1%80%d0%b0%d0%bb%d0%b8%d1%89%d0%b5-%d0%bc%d0%b0%d0%bb%d0%b5%d1%88%d0%b5%d0%b2%d0%be/,https://makler-realty.com/listing/%d0%bf%d1%80%d0%be%d0%b4%d0%b0%d0%b2%d0%b0-%d1%81%d0%b5-%d0%b2%d0%b8%d0%bb%d0%b0-%d0%b2-%d1%81-%d0%b8%d0%b3%d1%80%d0%b0%d0%bb%d0%b8%d1%89%d0%b5-%d0%bc%d0%b0%d0%bb%d0%b5%d1%88%d0%b5%d0%b2%d0%be/,200_candidate,Default preservation candidate; verify equivalent migrated content before launch.,listing,makler-realty.com
https://makler-realty.com/listing/%d0%bf%d1%80%d0%be%d0%b4%d0%b0%d0%b2%d0%b0-%d1%81%d1%82%d0%b0%d1%80%d0%b0-%d0%ba%d1%8a%d1%89%d0%b0-%d0%b2-%d1%81-%d1%85%d0%be%d1%82%d0%be%d0%b2%d0%be/,https://makler-realty.com/listing/%d0%bf%d1%80%d0%be%d0%b4%d0%b0%d0%b2%d0%b0-%d1%81%d1%82%d0%b0%d1%80%d0%b0-%d0%ba%d1%8a%d1%89%d0%b0-%d0%b2-%d1%81-%d1%85%d0%be%d1%82%d0%be%d0%b2%d0%be/,200_candidate,Default preservation candidate; verify equivalent migrated content before launch.,listing,makler-realty.com
https://makler-realty.com/listing/%d0%bf%d1%80%d0%be%d0%b4%d0%b0%d0%b2%d0%b0-%d1%81%d1%82%d1%83%d0%b4%d0%b8%d0%be-%d0%b2-%d1%81%d0%b0%d0%bf%d1%84%d0%b8%d1%80-%d0%b1%d0%b0%d0%bd%d1%81%d0%ba%d0%be/,https://makler-realty.com/listing/%d0%bf%d1%80%d0%be%d0%b4%d0%b0%d0%b2%d0%b0-%d1%81%d1%82%d1%83%d0%b4%d0%b8%d0%be-%d0%b2-%d1%81%d0%b0%d0%bf%d1%84%d0%b8%d1%80-%d0%b1%d0%b0%d0%bd%d1%81%d0%ba%d0%be/,200_candidate,Default preservation candidate; verify equivalent migrated content before launch.,listing,makler-realty.com
https://makler-realty.com/listing/%d0%bf%d1%80%d0%be%d0%b4%d0%b0%d0%b2%d0%b0-%d1%82%d1%80%d0%b8%d1%81%d1%82%d0%b0%d0%b5%d0%bd-%d0%b0%d0%bf%d0%b0%d1%80%d1%82%d0%b0%d0%bc%d0%b5%d0%bd%d1%82-%d0%b2-%d0%be%d1%84%d1%80%d0%b8%d0%bd%d0%b8/,https://makler-realty.com/listing/%d0%bf%d1%80%d0%be%d0%b4%d0%b0%d0%b2%d0%b0-%d1%82%d1%80%d0%b8%d1%81%d1%82%d0%b0%d0%b5%d0%bd-%d0%b0%d0%bf%d0%b0%d1%80%d1%82%d0%b0%d0%bc%d0%b5%d0%bd%d1%82-%d0%b2-%d0%be%d1%84%d1%80%d0%b8%d0%bd%d0%b8/,200_candidate,Default preservation candidate; verify equivalent migrated content before launch.,listing,makler-realty.com
https://makler-realty.com/listing/%d0%bf%d1%80%d0%be%d0%b4%d0%b0%d0%b2%d0%b0-%d1%82%d1%80%d0%b8%d1%81%d1%82%d0%b0%d0%b5%d0%bd-%d0%b0%d0%bf%d0%b0%d1%80%d1%82%d0%b0%d0%bc%d0%b5%d0%bd%d1%82-%d0%b2-%d1%86%d0%b5%d0%bd%d1%82%d1%8a%d1%80/,https://makler-realty.com/listing/%d0%bf%d1%80%d0%be%d0%b4%d0%b0%d0%b2%d0%b0-%d1%82%d1%80%d0%b8%d1%81%d1%82%d0%b0%d0%b5%d0%bd-%d0%b0%d0%bf%d0%b0%d1%80%d1%82%d0%b0%d0%bc%d0%b5%d0%bd%d1%82-%d0%b2-%d1%86%d0%b5%d0%bd%d1%82%d1%8a%d1%80/,200_candidate,Default preservation candidate; verify equivalent migrated content before launch.,listing,makler-realty.com
https://makler-realty.com/listing/%d0%bf%d1%80%d0%be%d0%b4%d0%b0%d0%b2%d0%b0-15%d0%b4%d0%ba%d0%b0-%d0%b7%d0%b5%d0%bc%d1%8f-%d1%81-%d0%ba%d0%b0%d0%bf%d0%b0%d1%82%d0%be%d0%b2%d0%be/,https://makler-realty.com/listing/%d0%bf%d1%80%d0%be%d0%b4%d0%b0%d0%b2%d0%b0-15%d0%b4%d0%ba%d0%b0-%d0%b7%d0%b5%d0%bc%d1%8f-%d1%81-%d0%ba%d0%b0%d0%bf%d0%b0%d1%82%d0%be%d0%b2%d0%be/,200_candidate,Default preservation candidate; verify equivalent migrated content before launch.,listing,makler-realty.com
https://makler-realty.com/listing/%d0%bf%d1%80%d0%be%d0%b4%d0%b0%d0%b2%d0%b0-8%d0%b4%d0%ba%d0%b0-%d0%b7%d0%b5%d0%bc%d1%8f-%d0%b2-%d0%b7%d0%b5%d0%bc%d0%bb%d0%b8%d1%89%d0%b5%d1%82%d0%be-%d0%bd%d0%b0-%d1%81-%d0%bb%d0%b5%d1%88%d0%bd%d0%b8/,https://makler-realty.com/listing/%d0%bf%d1%80%d0%be%d0%b4%d0%b0%d0%b2%d0%b0-8%d0%b4%d0%ba%d0%b0-%d0%b7%d0%b5%d0%bc%d1%8f-%d0%b2-%d0%b7%d0%b5%d0%bc%d0%bb%d0%b8%d1%89%d0%b5%d1%82%d0%be-%d0%bd%d0%b0-%d1%81-%d0%bb%d0%b5%d1%88%d0%bd%d0%b8/,200_candidate,Default preservation candidate; verify equivalent migrated content before launch.,listing,makler-realty.com
https://makler-realty.com/listing/%d0%bf%d1%80%d0%be%d0%b4%d0%b0%d0%b6%d0%b0-%d0%b1%d0%b8%d0%b7%d0%bd%d0%b5%d1%81-%d0%b7%d0%b4%d0%b0%d0%bd%d0%b8%d1%8f-%d0%b2-%d1%86%d0%b5%d0%bd%d1%82%d1%80%d0%b5-%d0%b3-%d0%bf%d0%b5%d1%82%d1%80%d0%b8/,https://makler-realty.com/listing/%d0%bf%d1%80%d0%be%d0%b4%d0%b0%d0%b6%d0%b0-%d0%b1%d0%b8%d0%b7%d0%bd%d0%b5%d1%81-%d0%b7%d0%b4%d0%b0%d0%bd%d0%b8%d1%8f-%d0%b2-%d1%86%d0%b5%d0%bd%d1%82%d1%80%d0%b5-%d0%b3-%d0%bf%d0%b5%d1%82%d1%80%d0%b8/,200_candidate,Default preservation candidate; verify equivalent migrated content before launch.,listing,makler-realty.com
https://makler-realty.com/listing/%d0%bf%d1%80%d0%be%d0%b4%d0%b0%d0%b6%d0%b0-%d0%b1%d0%be%d0%bb%d1%8c%d1%88%d0%be%d0%b3%d0%be-%d1%83%d1%87%d0%b0%d1%81%d1%82%d0%ba%d0%b0-%d1%80%d1%8f%d0%b4%d0%be%d0%bc-%d1%81-%d0%bc%d0%b8%d0%bd-%d0%b2/,https://makler-realty.com/listing/%d0%bf%d1%80%d0%be%d0%b4%d0%b0%d0%b6%d0%b0-%d0%b1%d0%be%d0%bb%d1%8c%d1%88%d0%be%d0%b3%d0%be-%d1%83%d1%87%d0%b0%d1%81%d1%82%d0%ba%d0%b0-%d1%80%d1%8f%d0%b4%d0%be%d0%bc-%d1%81-%d0%bc%d0%b8%d0%bd-%d0%b2/,200_candidate,Default preservation candidate; verify equivalent migrated content before launch.,listing,makler-realty.com
https://makler-realty.com/listing/%d0%bf%d1%80%d0%be%d0%b4%d0%b0%d0%b6%d0%b1%d0%b0-%d0%b0%d0%bf%d0%b0%d1%80%d1%82%d0%b0%d0%bc%d0%b5%d0%bd%d1%82%d0%b8-%d0%bb%d0%be%d0%b3%d0%b0%d1%80%d0%b8-%d0%b3%d1%8a%d1%80%d1%86%d0%b8%d1%8f/,https://makler-realty.com/listing/%d0%bf%d1%80%d0%be%d0%b4%d0%b0%d0%b6%d0%b1%d0%b0-%d0%b0%d0%bf%d0%b0%d1%80%d1%82%d0%b0%d0%bc%d0%b5%d0%bd%d1%82%d0%b8-%d0%bb%d0%be%d0%b3%d0%b0%d1%80%d0%b8-%d0%b3%d1%8a%d1%80%d1%86%d0%b8%d1%8f/,200_candidate,Default preservation candidate; verify equivalent migrated content before launch.,listing,makler-realty.com
https://makler-realty.com/listing/%d0%bf%d1%80%d0%be%d0%b4%d0%b0%d0%b6%d0%b1%d0%b0-%d0%bd%d0%b0-%d0%b0%d0%bf%d0%b0%d1%80%d1%82%d0%b0%d0%bc%d0%b5%d0%bd%d1%82%d0%b8-%d0%b2-%d1%81%d0%b0%d0%bd%d0%b4%d0%b0%d0%bd%d1%81%d0%ba%d0%b8/,https://makler-realty.com/listing/%d0%bf%d1%80%d0%be%d0%b4%d0%b0%d0%b6%d0%b1%d0%b0-%d0%bd%d0%b0-%d0%b0%d0%bf%d0%b0%d1%80%d1%82%d0%b0%d0%bc%d0%b5%d0%bd%d1%82%d0%b8-%d0%b2-%d1%81%d0%b0%d0%bd%d0%b4%d0%b0%d0%bd%d1%81%d0%ba%d0%b8/,200_candidate,Default preservation candidate; verify equivalent migrated content before launch.,listing,makler-realty.com
https://makler-realty.com/listing/%d0%bf%d1%80%d0%be%d0%b4%d0%b0%d0%b6%d0%b1%d0%b0-%d0%bd%d0%b0-%d0%bb%d1%83%d0%ba%d1%81%d0%be%d0%b7%d0%bd%d0%b0-%d0%ba%d1%8a%d1%89%d0%b0-%d0%b2-%d0%b3%d1%80-%d1%81%d0%b0%d0%bd%d0%b4%d0%b0%d0%bd%d1%81/,https://makler-realty.com/listing/%d0%bf%d1%80%d0%be%d0%b4%d0%b0%d0%b6%d0%b1%d0%b0-%d0%bd%d0%b0-%d0%bb%d1%83%d0%ba%d1%81%d0%be%d0%b7%d0%bd%d0%b0-%d0%ba%d1%8a%d1%89%d0%b0-%d0%b2-%d0%b3%d1%80-%d1%81%d0%b0%d0%bd%d0%b4%d0%b0%d0%bd%d1%81/,200_candidate,Default preservation candidate; verify equivalent migrated content before launch.,listing,makler-realty.com
https://makler-realty.com/listing/%d0%bf%d1%80%d0%be%d0%b4%d0%b0%d0%b6%d0%b1%d0%b0-%d0%bd%d0%b0-%d0%bc%d0%b0%d0%b3%d0%b0%d0%b7%d0%b8%d0%bd-%d0%b2-%d0%b3%d1%80-%d0%b1%d0%bb%d0%b0%d0%b3%d0%be%d0%b5%d0%b2%d0%b3%d1%80%d0%b0%d0%b4/,https://makler-realty.com/listing/%d0%bf%d1%80%d0%be%d0%b4%d0%b0%d0%b6%d0%b1%d0%b0-%d0%bd%d0%b0-%d0%bc%d0%b0%d0%b3%d0%b0%d0%b7%d0%b8%d0%bd-%d0%b2-%d0%b3%d1%80-%d0%b1%d0%bb%d0%b0%d0%b3%d0%be%d0%b5%d0%b2%d0%b3%d1%80%d0%b0%d0%b4/,200_candidate,Default preservation candidate; verify equivalent migrated content before launch.,listing,makler-realty.com
https://makler-realty.com/listing/%d0%bf%d1%80%d0%be%d0%b4%d0%b0%d0%b6%d0%b1%d0%b0-%d0%bd%d0%b0-%d0%bf%d0%b0%d1%80%d1%86%d0%b5%d0%bb-%d0%b2-%d1%81%d1%82%d1%80%d1%83%d0%bc%d1%8f%d0%bd%d0%b8-3000-%d0%ba%d0%b2-%d0%bc/,https://makler-realty.com/listing/%d0%bf%d1%80%d0%be%d0%b4%d0%b0%d0%b6%d0%b1%d0%b0-%d0%bd%d0%b0-%d0%bf%d0%b0%d1%80%d1%86%d0%b5%d0%bb-%d0%b2-%d1%81%d1%82%d1%80%d1%83%d0%bc%d1%8f%d0%bd%d0%b8-3000-%d0%ba%d0%b2-%d0%bc/,200_candidate,Default preservation candidate; verify equivalent migrated content before launch.,listing,makler-realty.com
https://makler-realty.com/listing/%d1%81%d0%b2%d0%b5%d1%82%d1%8a%d0%bb-%d1%8e%d0%b6%d0%b5%d0%bd-%d0%b0%d0%bf%d0%b0%d1%80%d1%82%d0%b0%d0%bc%d0%b5%d0%bd%d1%82-%d0%b4%d0%be-%d0%bf%d0%b0%d1%80%d0%ba%d0%b0-%d0%bd%d0%b0-%d0%b3%d1%80-%d1%81/,https://makler-realty.com/listing/%d1%81%d0%b2%d0%b5%d1%82%d1%8a%d0%bb-%d1%8e%d0%b6%d0%b5%d0%bd-%d0%b0%d0%bf%d0%b0%d1%80%d1%82%d0%b0%d0%bc%d0%b5%d0%bd%d1%82-%d0%b4%d0%be-%d0%bf%d0%b0%d1%80%d0%ba%d0%b0-%d0%bd%d0%b0-%d0%b3%d1%80-%d1%81/,200_candidate,Default preservation candidate; verify equivalent migrated content before launch.,listing,makler-realty.com
https://makler-realty.com/listing/%d1%82%d1%80%d0%b8%d1%81%d1%82%d0%b0%d0%b5%d0%bd-%d0%b0%d0%bf%d0%b0%d1%80%d1%82%d0%b0%d0%bc%d0%b5%d0%bd%d1%82-%d0%b2-%d0%b3%d1%80-%d1%81%d0%b0%d0%bd%d0%b4%d0%b0%d0%bd%d1%81%d0%ba%d0%b8/,https://makler-realty.com/listing/%d1%82%d1%80%d0%b8%d1%81%d1%82%d0%b0%d0%b5%d0%bd-%d0%b0%d0%bf%d0%b0%d1%80%d1%82%d0%b0%d0%bc%d0%b5%d0%bd%d1%82-%d0%b2-%d0%b3%d1%80-%d1%81%d0%b0%d0%bd%d0%b4%d0%b0%d0%bd%d1%81%d0%ba%d0%b8/,200_candidate,Default preservation candidate; verify equivalent migrated content before launch.,listing,makler-realty.com
https://makler-realty.com/listing/%d1%82%d1%80%d0%b8%d1%81%d1%82%d0%b0%d0%b5%d0%bd-%d0%b0%d0%bf%d0%b0%d1%80%d1%82%d0%b0%d0%bc%d0%b5%d0%bd%d1%82-%d0%b2-%d1%86%d0%b5%d0%bd%d1%82%d1%8a%d1%80%d0%b0-%d0%bd%d0%b0-%d0%b3%d1%80-%d1%81%d0%b0/,https://makler-realty.com/listing/%d1%82%d1%80%d0%b8%d1%81%d1%82%d0%b0%d0%b5%d0%bd-%d0%b0%d0%bf%d0%b0%d1%80%d1%82%d0%b0%d0%bc%d0%b5%d0%bd%d1%82-%d0%b2-%d1%86%d0%b5%d0%bd%d1%82%d1%8a%d1%80%d0%b0-%d0%bd%d0%b0-%d0%b3%d1%80-%d1%81%d0%b0/,200_candidate,Default preservation candidate; verify equivalent migrated content before launch.,listing,makler-realty.com
https://makler-realty.com/listing/%d1%82%d1%80%d0%b8%d1%81%d1%82%d0%b0%d0%b5%d0%bd-%d0%b0%d0%bf%d0%b0%d1%80%d1%82%d0%b0%d0%bc%d0%b5%d0%bd%d1%82-%d0%bf%d0%be%d0%b4-%d0%bd%d0%b0%d0%b5%d0%bc-%d1%81-%d0%bf%d0%be%d0%bb%d0%b5%d0%bd%d0%b8/,https://makler-realty.com/listing/%d1%82%d1%80%d0%b8%d1%81%d1%82%d0%b0%d0%b5%d0%bd-%d0%b0%d0%bf%d0%b0%d1%80%d1%82%d0%b0%d0%bc%d0%b5%d0%bd%d1%82-%d0%bf%d0%be%d0%b4-%d0%bd%d0%b0%d0%b5%d0%bc-%d1%81-%d0%bf%d0%be%d0%bb%d0%b5%d0%bd%d0%b8/,200_candidate,Default preservation candidate; verify equivalent migrated content before launch.,listing,makler-realty.com
https://makler-realty.com/listing/%d1%83%d1%87%d0%b0%d1%81%d1%82%d0%be%d0%ba-%d0%b2-%d0%bf%d0%be%d1%81%d0%b5%d0%bb%d0%ba%d0%b5-%d1%81%d1%82%d1%80%d1%83%d0%bc%d1%8f%d0%bd%d0%b8/,https://makler-realty.com/listing/%d1%83%d1%87%d0%b0%d1%81%d1%82%d0%be%d0%ba-%d0%b2-%d0%bf%d0%be%d1%81%d0%b5%d0%bb%d0%ba%d0%b5-%d1%81%d1%82%d1%80%d1%83%d0%bc%d1%8f%d0%bd%d0%b8/,200_candidate,Default preservation candidate; verify equivalent migrated content before launch.,listing,makler-realty.com
https://makler-realty.com/listing/%d1%83%d1%87%d0%b0%d1%81%d1%82%d0%be%d0%ba-%d0%bf%d0%be%d0%b4-%d1%84%d0%b5%d1%80%d0%bc%d1%83-%d1%81%d0%b0%d0%bd%d0%b4%d0%b0%d0%bd%d1%81%d0%ba%d0%b8/,https://makler-realty.com/listing/%d1%83%d1%87%d0%b0%d1%81%d1%82%d0%be%d0%ba-%d0%bf%d0%be%d0%b4-%d1%84%d0%b5%d1%80%d0%bc%d1%83-%d1%81%d0%b0%d0%bd%d0%b4%d0%b0%d0%bd%d1%81%d0%ba%d0%b8/,200_candidate,Default preservation candidate; verify equivalent migrated content before launch.,listing,makler-realty.com
https://makler-realty.com/listing/%d1%86%d0%b5%d0%bd%d1%82%d1%8a%d1%80-%d0%b7%d0%b0-%d0%bf%d1%80%d0%be%d1%84%d0%b8%d0%bb%d0%b0%d0%ba%d1%82%d0%b8%d0%ba%d0%b0-%d1%80%d0%b5%d1%85%d0%b0%d0%b1%d0%b8%d0%bb%d0%b8%d1%82%d0%b0%d1%86%d0%b8/,https://makler-realty.com/listing/%d1%86%d0%b5%d0%bd%d1%82%d1%8a%d1%80-%d0%b7%d0%b0-%d0%bf%d1%80%d0%be%d1%84%d0%b8%d0%bb%d0%b0%d0%ba%d1%82%d0%b8%d0%ba%d0%b0-%d1%80%d0%b5%d1%85%d0%b0%d0%b1%d0%b8%d0%bb%d0%b8%d1%82%d0%b0%d1%86%d0%b8/,200_candidate,Default preservation candidate; verify equivalent migrated content before launch.,listing,makler-realty.com
https://makler-realty.com/listing/2-bedrooms-apartment-for-sale-in-sandanski/,https://makler-realty.com/listing/2-bedrooms-apartment-for-sale-in-sandanski/,200_candidate,Default preservation candidate; verify equivalent migrated content before launch.,listing,makler-realty.com
https://makler-realty.com/listing/apartment-mit-einem-schlafzimmer-in-sandanski-zu-vermieten/,https://makler-realty.com/listing/apartment-mit-einem-schlafzimmer-in-sandanski-zu-vermieten/,200_candidate,Default preservation candidate; verify equivalent migrated content before launch.,listing,makler-realty.com
https://makler-realty.com/listing/apartments-park-hotel-pirin-sandanski/,https://makler-realty.com/listing/apartments-park-hotel-pirin-sandanski/,200_candidate,Default preservation candidate; verify equivalent migrated content before launch.,listing,makler-realty.com
https://makler-realty.com/listing/big-plot-of-land-and-buildings-for-sale-near-sandanski/,https://makler-realty.com/listing/big-plot-of-land-and-buildings-for-sale-near-sandanski/,200_candidate,Default preservation candidate; verify equivalent migrated content before launch.,listing,makler-realty.com
https://makler-realty.com/listing/building-land-with-a-great-view-in-sandanski/,https://makler-realty.com/listing/building-land-with-a-great-view-in-sandanski/,200_candidate,Default preservation candidate; verify equivalent migrated content before launch.,listing,makler-realty.com
https://makler-realty.com/listing/ein-zimmer-wohnung-zum-verkauf-im-park-hotel-pirin-sandanski/,https://makler-realty.com/listing/ein-zimmer-wohnung-zum-verkauf-im-park-hotel-pirin-sandanski/,200_candidate,Default preservation candidate; verify equivalent migrated content before launch.,listing,makler-realty.com
https://makler-realty.com/listing/front-compartment-in-pasalimani-piraeus-in-6th-floor/,https://makler-realty.com/listing/front-compartment-in-pasalimani-piraeus-in-6th-floor/,200_candidate,Default preservation candidate; verify equivalent migrated content before launch.,listing,makler-realty.com
https://makler-realty.com/listing/haus-zum-verkauf-im-dorf-vinogradi-3-km-von-melnik-entfernt/,https://makler-realty.com/listing/haus-zum-verkauf-im-dorf-vinogradi-3-km-von-melnik-entfernt/,200_candidate,Default preservation candidate; verify equivalent migrated content before launch.,listing,makler-realty.com
https://makler-realty.com/listing/house-for-sale-in-the-park-of-sandanski/,https://makler-realty.com/listing/house-for-sale-in-the-park-of-sandanski/,200_candidate,Default preservation candidate; verify equivalent migrated content before launch.,listing,makler-realty.com
https://makler-realty.com/listing/house-for-sale-in-the-village-of-leshnitsa/,https://makler-realty.com/listing/house-for-sale-in-the-village-of-leshnitsa/,200_candidate,Default preservation candidate; verify equivalent migrated content before launch.,listing,makler-realty.com
https://makler-realty.com/listing/industrial-building-for-rent-in-petrich/,https://makler-realty.com/listing/industrial-building-for-rent-in-petrich/,200_candidate,Default preservation candidate; verify equivalent migrated content before launch.,listing,makler-realty.com
https://makler-realty.com/listing/industrial-building-for-sale-petrich-municipality/,https://makler-realty.com/listing/industrial-building-for-sale-petrich-municipality/,200_candidate,Default preservation candidate; verify equivalent migrated content before launch.,listing,makler-realty.com
https://makler-realty.com/listing/industrial-buildings-for-rent-near-sandanski/,https://makler-realty.com/listing/industrial-buildings-for-rent-near-sandanski/,200_candidate,Default preservation candidate; verify equivalent migrated content before launch.,listing,makler-realty.com
https://makler-realty.com/listing/industriegebaude-zur-miete-in-petrich-bulgarien/,https://makler-realty.com/listing/industriegebaude-zur-miete-in-petrich-bulgarien/,200_candidate,Default preservation candidate; verify equivalent migrated content before launch.,listing,makler-realty.com
https://makler-realty.com/listing/industrieraume-zum-verkauf-rund-um-sandanski/,https://makler-realty.com/listing/industrieraume-zum-verkauf-rund-um-sandanski/,200_candidate,Default preservation candidate; verify equivalent migrated content before launch.,listing,makler-realty.com
https://makler-realty.com/listing/luxushaus-zum-verkauf-in-sandanski/,https://makler-realty.com/listing/luxushaus-zum-verkauf-in-sandanski/,200_candidate,Default preservation candidate; verify equivalent migrated content before launch.,listing,makler-realty.com
https://makler-realty.com/listing/neue-1-zimmer-wohnung-zur-miete-in-sandanski/,https://makler-realty.com/listing/neue-1-zimmer-wohnung-zur-miete-in-sandanski/,200_candidate,Default preservation candidate; verify equivalent migrated content before launch.,listing,makler-realty.com
https://makler-realty.com/listing/new-apartment-for-rent-in-sandanski/,https://makler-realty.com/listing/new-apartment-for-rent-in-sandanski/,200_candidate,Default preservation candidate; verify equivalent migrated content before launch.,listing,makler-realty.com
https://makler-realty.com/listing/one-bedroom-apartment-in-the-park-of-sandanski/,https://makler-realty.com/listing/one-bedroom-apartment-in-the-park-of-sandanski/,200_candidate,Default preservation candidate; verify equivalent migrated content before launch.,listing,makler-realty.com
https://makler-realty.com/listing/prodava-mezonet-ul-pirin-sandanski/,https://makler-realty.com/listing/prodava-mezonet-ul-pirin-sandanski/,200_candidate,Default preservation candidate; verify equivalent migrated content before launch.,listing,makler-realty.com
https://makler-realty.com/listing/real-estate-for-sale-in-nafplio-greece/,https://makler-realty.com/listing/real-estate-for-sale-in-nafplio-greece/,200_candidate,Default preservation candidate; verify equivalent migrated content before launch.,listing,makler-realty.com
https://makler-realty.com/listing/spa-hotel-mit-mineralwasser-zum-verkauf-in-sandanski-bulgarien/,https://makler-realty.com/listing/spa-hotel-mit-mineralwasser-zum-verkauf-in-sandanski-bulgarien/,200_candidate,Default preservation candidate; verify equivalent migrated content before launch.,listing,makler-realty.com
https://makler-realty.com/listing/studio-for-rent-in-sandanski/,https://makler-realty.com/listing/studio-for-rent-in-sandanski/,200_candidate,Default preservation candidate; verify equivalent migrated content before launch.,listing,makler-realty.com
https://makler-realty.com/listing/two-bedroom-apartment-in-the-complex-arena-1-st-vlas-for-sale/,https://makler-realty.com/listing/two-bedroom-apartment-in-the-complex-arena-1-st-vlas-for-sale/,200_candidate,Default preservation candidate; verify equivalent migrated content before launch.,listing,makler-realty.com
https://makler-realty.com/listing/villa-for-sale-in-the-mountains-near-sandanski/,https://makler-realty.com/listing/villa-for-sale-in-the-mountains-near-sandanski/,200_candidate,Default preservation candidate; verify equivalent migrated content before launch.,listing,makler-realty.com
https://makler-realty.com/listing/wohnung-zu-vermieten-beim-aquasun-in-sandanski/,https://makler-realty.com/listing/wohnung-zu-vermieten-beim-aquasun-in-sandanski/,200_candidate,Default preservation candidate; verify equivalent migrated content before launch.,listing,makler-realty.com
https://makler-realty.com/listing/wohnung-zur-miete-in-spa-complex-medite-sandanski/,https://makler-realty.com/listing/wohnung-zur-miete-in-spa-complex-medite-sandanski/,200_candidate,Default preservation candidate; verify equivalent migrated content before launch.,listing,makler-realty.com
https://makler-realty.com/listing/working-business-for-sale-pellet-production/,https://makler-realty.com/listing/working-business-for-sale-pellet-production/,200_candidate,Default preservation candidate; verify equivalent migrated content before launch.,listing,makler-realty.com
https://makler-realty.com/listing/zemedelska-zemq-s-dzhigurovo-prodava/,https://makler-realty.com/listing/zemedelska-zemq-s-dzhigurovo-prodava/,200_candidate,Default preservation candidate; verify equivalent migrated content before launch.,listing,makler-realty.com
https://makler-realty.com/listing/zwei-zimmer-wohnung-zum-verkauf-in-park-hotel-pirin-sandanski/,https://makler-realty.com/listing/zwei-zimmer-wohnung-zum-verkauf-in-park-hotel-pirin-sandanski/,200_candidate,Default preservation candidate; verify equivalent migrated content before launch.,listing,makler-realty.com
https://makler-realty.com/location/%d0%b3%d1%8a%d1%80%d1%86%d0%b8%d1%8f/,https://makler-realty.com/location/%d0%b3%d1%8a%d1%80%d1%86%d0%b8%d1%8f/,200_candidate,Default preservation candidate; verify equivalent migrated content before launch.,taxonomy,makler-realty.com
https://makler-realty.com/location/bulgaria/,https://makler-realty.com/location/bulgaria/,200_candidate,Default preservation candidate; verify equivalent migrated content before launch.,taxonomy,makler-realty.com
https://makler-realty.com/nl,https://makler-realty.com/nl/,200_candidate,Default preservation candidate; verify equivalent migrated content before launch.,page,makler-realty.com
https://makler-realty.com/nl/,https://makler-realty.com/nl/,200_candidate,Default preservation candidate; verify equivalent migrated content before launch.,page,makler-realty.com
https://makler-realty.com/nl/%D0%BF%D0%BE%D0%BB%D0%B8%D1%82%D0%B8%D0%BA%D0%B0-%D0%B7%D0%B0-%D0%B7%D0%B0%D1%89%D0%B8%D1%82%D0%B0-%D0%BD%D0%B0-%D0%BB%D0%B8%D1%87%D0%BD%D0%B8%D1%82%D0%B5-%D0%B4%D0%B0%D0%BD%D0%BD%D0%B8/,https://makler-realty.com/nl/%D0%BF%D0%BE%D0%BB%D0%B8%D1%82%D0%B8%D0%BA%D0%B0-%D0%B7%D0%B0-%D0%B7%D0%B0%D1%89%D0%B8%D1%82%D0%B0-%D0%BD%D0%B0-%D0%BB%D0%B8%D1%87%D0%BD%D0%B8%D1%82%D0%B5-%D0%B4%D0%B0%D0%BD%D0%BD%D0%B8/,200_candidate,Default preservation candidate; verify equivalent migrated content before launch.,page,makler-realty.com
https://makler-realty.com/nl/%d0%b3%d0%bb%d0%b0%d0%b2%d0%bd%d0%b0%d1%8f/,https://makler-realty.com/nl/%d0%b3%d0%bb%d0%b0%d0%b2%d0%bd%d0%b0%d1%8f/,200_candidate,Default preservation candidate; verify equivalent migrated content before launch.,page,makler-realty.com
https://makler-realty.com/nl/%d0%ba%d0%be%d0%bd%d1%82%d0%b0%d0%ba%d1%82%d0%b8/,https://makler-realty.com/nl/%d0%ba%d0%be%d0%bd%d1%82%d0%b0%d0%ba%d1%82%d0%b8/,200_candidate,Default preservation candidate; verify equivalent migrated content before launch.,page,makler-realty.com
https://makler-realty.com/nl/%d0%be%d1%84%d0%be%d1%80%d0%bc%d0%bb%d0%b5%d0%bd%d0%b8%d0%b5-%d1%81%d0%b4%d0%b5%d0%bb%d0%ba%d0%b8-%d0%bd%d0%b5%d0%b4%d0%b2%d0%b8%d0%b6%d0%b8%d0%bc%d0%be%d1%81%d1%82%d1%8c-%d0%b1%d0%be%d0%bb%d0%b3/,https://makler-realty.com/nl/%d0%be%d1%84%d0%be%d1%80%d0%bc%d0%bb%d0%b5%d0%bd%d0%b8%d0%b5-%d1%81%d0%b4%d0%b5%d0%bb%d0%ba%d0%b8-%d0%bd%d0%b5%d0%b4%d0%b2%d0%b8%d0%b6%d0%b8%d0%bc%d0%be%d1%81%d1%82%d1%8c-%d0%b1%d0%be%d0%bb%d0%b3/,200_candidate,Default preservation candidate; verify equivalent migrated content before launch.,page,makler-realty.com
https://makler-realty.com/nl/%d0%be-%d0%ba%d0%be%d0%bc%d0%bf%d0%b0%d0%bd%d0%b8%d0%b8/,https://makler-realty.com/nl/%d0%be-%d0%ba%d0%be%d0%bc%d0%bf%d0%b0%d0%bd%d0%b8%d0%b8/,200_candidate,Default preservation candidate; verify equivalent migrated content before launch.,page,makler-realty.com
https://makler-realty.com/nl/%d0%bf%d0%b0%d1%80%d1%82%d0%bd%d1%8c%d0%be%d1%80%d0%b8/,https://makler-realty.com/nl/%d0%bf%d0%b0%d1%80%d1%82%d0%bd%d1%8c%d0%be%d1%80%d0%b8/,200_candidate,Default preservation candidate; verify equivalent migrated content before launch.,page,makler-realty.com
https://makler-realty.com/nl/%d1%82%d0%b0%d0%ba%d1%81%d0%b8-%d0%b8%d0%b7-%d1%81%d0%be%d1%84%d0%b8%d0%b8-%d0%b2-%d1%81%d0%b0%d0%bd%d0%b4%d0%b0%d0%bd%d1%81%d0%ba%d0%b8/,https://makler-realty.com/nl/%d1%82%d0%b0%d0%ba%d1%81%d0%b8-%d0%b8%d0%b7-%d1%81%d0%be%d1%84%d0%b8%d0%b8-%d0%b2-%d1%81%d0%b0%d0%bd%d0%b4%d0%b0%d0%bd%d1%81%d0%ba%d0%b8/,200_candidate,Default preservation candidate; verify equivalent migrated content before launch.,page,makler-realty.com
https://makler-realty.com/nl/%d1%82%d1%80%d0%b0%d0%bd%d1%81%d1%84%d0%b5%d1%80-%d1%81%d0%b0%d0%bb%d0%be%d0%bd%d0%b8%d0%ba%d0%b8-%d1%81%d0%b0%d0%bd%d0%b4%d0%b0%d0%bd%d1%81%d0%ba%d0%b8/,https://makler-realty.com/nl/%d1%82%d1%80%d0%b0%d0%bd%d1%81%d1%84%d0%b5%d1%80-%d1%81%d0%b0%d0%bb%d0%be%d0%bd%d0%b8%d0%ba%d0%b8-%d1%81%d0%b0%d0%bd%d0%b4%d0%b0%d0%bd%d1%81%d0%ba%d0%b8/,200_candidate,Default preservation candidate; verify equivalent migrated content before launch.,page,makler-realty.com
https://makler-realty.com/nl/category-type/%d0%b5lite-realtor/,https://makler-realty.com/nl/category-type/%d0%b5lite-realtor/,200_candidate,Default preservation candidate; verify equivalent migrated content before launch.,taxonomy,makler-realty.com
https://makler-realty.com/nl/category-type/%d1%81%d0%b5%d0%bb%d1%8c%d1%81%d0%ba%d0%be%d1%85%d0%be%d0%b7%d1%8f%d0%b9%d1%81%d1%82%d0%b2%d0%b5%d0%bd%d0%bd%d0%b0%d1%8f-%d0%b7%d0%b5%d0%bc%d0%bb%d1%8f/,https://makler-realty.com/nl/category-type/%d1%81%d0%b5%d0%bb%d1%8c%d1%81%d0%ba%d0%be%d1%85%d0%be%d0%b7%d1%8f%d0%b9%d1%81%d1%82%d0%b2%d0%b5%d0%bd%d0%bd%d0%b0%d1%8f-%d0%b7%d0%b5%d0%bc%d0%bb%d1%8f/,200_candidate,Default preservation candidate; verify equivalent migrated content before launch.,taxonomy,makler-realty.com
https://makler-realty.com/nl/category-type/%d1%83%d1%87%d0%b0%d1%81%d1%82%d0%be%d0%ba-%d0%b7%d0%b5%d0%bc%d0%bb%d0%b8/,https://makler-realty.com/nl/category-type/%d1%83%d1%87%d0%b0%d1%81%d1%82%d0%be%d0%ba-%d0%b7%d0%b5%d0%bc%d0%bb%d0%b8/,200_candidate,Default preservation candidate; verify equivalent migrated content before launch.,taxonomy,makler-realty.com
https://makler-realty.com/nl/category-type/apartment/,https://makler-realty.com/nl/category-type/apartment/,200_candidate,Default preservation candidate; verify equivalent migrated content before launch.,taxonomy,makler-realty.com
https://makler-realty.com/nl/category-type/commercial-area/,https://makler-realty.com/nl/category-type/commercial-area/,200_candidate,Default preservation candidate; verify equivalent migrated content before launch.,taxonomy,makler-realty.com
https://makler-realty.com/nl/category-type/dom/,https://makler-realty.com/nl/category-type/dom/,200_candidate,Default preservation candidate; verify equivalent migrated content before launch.,taxonomy,makler-realty.com
https://makler-realty.com/nl/category-type/hotel/,https://makler-realty.com/nl/category-type/hotel/,200_candidate,Default preservation candidate; verify equivalent migrated content before launch.,taxonomy,makler-realty.com
https://makler-realty.com/nl/category-type/house-floor/,https://makler-realty.com/nl/category-type/house-floor/,200_candidate,Default preservation candidate; verify equivalent migrated content before launch.,taxonomy,makler-realty.com
https://makler-realty.com/nl/category-type/industrial-building/,https://makler-realty.com/nl/category-type/industrial-building/,200_candidate,Default preservation candidate; verify equivalent migrated content before launch.,taxonomy,makler-realty.com
https://makler-realty.com/nl/category-type/office-building/,https://makler-realty.com/nl/category-type/office-building/,200_candidate,Default preservation candidate; verify equivalent migrated content before launch.,taxonomy,makler-realty.com
https://makler-realty.com/nl/category-type/office/,https://makler-realty.com/nl/category-type/office/,200_candidate,Default preservation candidate; verify equivalent migrated content before launch.,taxonomy,makler-realty.com
https://makler-realty.com/nl/category-type/studio/,https://makler-realty.com/nl/category-type/studio/,200_candidate,Default preservation candidate; verify equivalent migrated content before launch.,taxonomy,makler-realty.com
https://makler-realty.com/nl/category-type/villa/,https://makler-realty.com/nl/category-type/villa/,200_candidate,Default preservation candidate; verify equivalent migrated content before launch.,taxonomy,makler-realty.com
https://makler-realty.com/nl/resort/%d0%bd%d0%b5%d0%b4%d0%b2%d0%b8%d0%b6%d0%b8%d0%bc%d0%be%d1%81%d1%82%d1%8c-%d0%b2-%d0%b1%d0%b0%d0%bd%d1%81%d0%ba%d0%be/,https://makler-realty.com/nl/resort/%d0%bd%d0%b5%d0%b4%d0%b2%d0%b8%d0%b6%d0%b8%d0%bc%d0%be%d1%81%d1%82%d1%8c-%d0%b2-%d0%b1%d0%b0%d0%bd%d1%81%d0%ba%d0%be/,200_candidate,Default preservation candidate; verify equivalent migrated content before launch.,taxonomy,makler-realty.com
https://makler-realty.com/nl/resort/%d0%bd%d0%b5%d0%b4%d0%b2%d0%b8%d0%b6%d0%b8%d0%bc%d0%be%d1%81%d1%82%d1%8c-%d0%b2-%d1%81%d0%b0%d0%bd%d0%b4%d0%b0%d0%bd%d1%81%d0%ba%d0%b8/,https://makler-realty.com/nl/resort/%d0%bd%d0%b5%d0%b4%d0%b2%d0%b8%d0%b6%d0%b8%d0%bc%d0%be%d1%81%d1%82%d1%8c-%d0%b2-%d1%81%d0%b0%d0%bd%d0%b4%d0%b0%d0%bd%d1%81%d0%ba%d0%b8/,200_candidate,Default preservation candidate; verify equivalent migrated content before launch.,taxonomy,makler-realty.com
https://makler-realty.com/nl/resort/%d0%bd%d0%b5%d0%b4%d0%b2%d0%b8%d0%b6%d0%b8%d0%bc%d0%be%d1%81%d1%82%d1%8c-%d1%81%d0%b2%d1%8f%d1%82%d0%be%d0%b9-%d0%b2%d0%bb%d0%b0%d1%81/,https://makler-realty.com/nl/resort/%d0%bd%d0%b5%d0%b4%d0%b2%d0%b8%d0%b6%d0%b8%d0%bc%d0%be%d1%81%d1%82%d1%8c-%d1%81%d0%b2%d1%8f%d1%82%d0%be%d0%b9-%d0%b2%d0%bb%d0%b0%d1%81/,200_candidate,Default preservation candidate; verify equivalent migrated content before launch.,taxonomy,makler-realty.com
https://makler-realty.com/nl/resort/nafplio/,https://makler-realty.com/nl/resort/nafplio/,200_candidate,Default preservation candidate; verify equivalent migrated content before launch.,taxonomy,makler-realty.com
https://makler-realty.com/nl/services/,https://makler-realty.com/nl/services/,200_candidate,Default preservation candidate; verify equivalent migrated content before launch.,page,makler-realty.com
https://makler-realty.com/nl/transfer-thessaloniki-bansko/,https://makler-realty.com/nl/transfer-thessaloniki-bansko/,200_candidate,Default preservation candidate; verify equivalent migrated content before launch.,page,makler-realty.com
https://makler-realty.com/property/rent/,https://makler-realty.com/property/rent/,200_candidate,Default preservation candidate; verify equivalent migrated content before launch.,taxonomy,makler-realty.com
https://makler-realty.com/property/sell/,https://makler-realty.com/property/sell/,200_candidate,Default preservation candidate; verify equivalent migrated content before launch.,taxonomy,makler-realty.com
https://makler-realty.com/resort/%d0%bc%d0%be%d1%80%d1%81%d0%ba%d0%b8%d0%b5-%d0%ba%d1%83%d1%80%d0%be%d1%80%d1%82%d1%8b-%d0%b1%d0%be%d0%bb%d0%b3%d0%b0%d1%80%d0%b8%d0%b8/,https://makler-realty.com/resort/%d0%bc%d0%be%d1%80%d1%81%d0%ba%d0%b8%d0%b5-%d0%ba%d1%83%d1%80%d0%be%d1%80%d1%82%d1%8b-%d0%b1%d0%be%d0%bb%d0%b3%d0%b0%d1%80%d0%b8%d0%b8/,200_candidate,Default preservation candidate; verify equivalent migrated content before launch.,taxonomy,makler-realty.com
https://makler-realty.com/resort/%d0%bd%d0%b5%d0%b4%d0%b2%d0%b8%d0%b6%d0%b8%d0%bc%d0%be%d1%81%d1%82%d1%8c-%d0%b2-%d0%b1%d0%b0%d0%bd%d1%81%d0%ba%d0%be/,https://makler-realty.com/resort/%d0%bd%d0%b5%d0%b4%d0%b2%d0%b8%d0%b6%d0%b8%d0%bc%d0%be%d1%81%d1%82%d1%8c-%d0%b2-%d0%b1%d0%b0%d0%bd%d1%81%d0%ba%d0%be/,200_candidate,Default preservation candidate; verify equivalent migrated content before launch.,taxonomy,makler-realty.com
https://makler-realty.com/resort/%d0%bd%d0%b5%d0%b4%d0%b2%d0%b8%d0%b6%d0%b8%d0%bc%d0%be%d1%81%d1%82%d1%8c-%d0%b2-%d0%bc%d0%b5%d0%bb%d0%bd%d0%b8%d0%ba/,https://makler-realty.com/resort/%d0%bd%d0%b5%d0%b4%d0%b2%d0%b8%d0%b6%d0%b8%d0%bc%d0%be%d1%81%d1%82%d1%8c-%d0%b2-%d0%bc%d0%b5%d0%bb%d0%bd%d0%b8%d0%ba/,200_candidate,Default preservation candidate; verify equivalent migrated content before launch.,taxonomy,makler-realty.com
https://makler-realty.com/resort/%d0%bd%d0%b5%d0%b4%d0%b2%d0%b8%d0%b6%d0%b8%d0%bc%d0%be%d1%81%d1%82%d1%8c-%d0%b2-%d1%81%d0%b0%d0%bd%d0%b4%d0%b0%d0%bd%d1%81%d0%ba%d0%b8/,https://makler-realty.com/resort/%d0%bd%d0%b5%d0%b4%d0%b2%d0%b8%d0%b6%d0%b8%d0%bc%d0%be%d1%81%d1%82%d1%8c-%d0%b2-%d1%81%d0%b0%d0%bd%d0%b4%d0%b0%d0%bd%d1%81%d0%ba%d0%b8/,200_candidate,Default preservation candidate; verify equivalent migrated content before launch.,taxonomy,makler-realty.com
https://makler-realty.com/resort/%d0%bd%d0%b5%d0%b4%d0%b2%d0%b8%d0%b6%d0%b8%d0%bc%d0%be%d1%81%d1%82%d1%8c-%d1%81%d0%b2%d1%8f%d1%82%d0%be%d0%b9-%d0%b2%d0%bb%d0%b0%d1%81/,https://makler-realty.com/resort/%d0%bd%d0%b5%d0%b4%d0%b2%d0%b8%d0%b6%d0%b8%d0%bc%d0%be%d1%81%d1%82%d1%8c-%d1%81%d0%b2%d1%8f%d1%82%d0%be%d0%b9-%d0%b2%d0%bb%d0%b0%d1%81/,200_candidate,Default preservation candidate; verify equivalent migrated content before launch.,taxonomy,makler-realty.com
https://makler-realty.com/resort/%d0%bf%d0%b0%d1%80%d0%b0%d0%bb%d0%b8%d1%8f-%d0%be%d1%84%d1%80%d0%b8%d0%bd%d0%b8%d0%be/,https://makler-realty.com/resort/%d0%bf%d0%b0%d1%80%d0%b0%d0%bb%d0%b8%d1%8f-%d0%be%d1%84%d1%80%d0%b8%d0%bd%d0%b8%d0%be/,200_candidate,Default preservation candidate; verify equivalent migrated content before launch.,taxonomy,makler-realty.com
https://makler-realty.com/resort/blagoevgrad/,https://makler-realty.com/resort/blagoevgrad/,200_candidate,Default preservation candidate; verify equivalent migrated content before launch.,taxonomy,makler-realty.com
https://makler-realty.com/resort/halkidiki/,https://makler-realty.com/resort/halkidiki/,200_candidate,Default preservation candidate; verify equivalent migrated content before launch.,taxonomy,makler-realty.com
https://makler-realty.com/resort/loggari/,https://makler-realty.com/resort/loggari/,200_candidate,Default preservation candidate; verify equivalent migrated content before launch.,taxonomy,makler-realty.com
https://makler-realty.com/resort/nafplio/,https://makler-realty.com/resort/nafplio/,200_candidate,Default preservation candidate; verify equivalent migrated content before launch.,taxonomy,makler-realty.com
https://makler-realty.com/resort/other/,https://makler-realty.com/resort/other/,200_candidate,Default preservation candidate; verify equivalent migrated content before launch.,taxonomy,makler-realty.com
https://makler-realty.com/resort/petrich/,https://makler-realty.com/resort/petrich/,200_candidate,Default preservation candidate; verify equivalent migrated content before launch.,taxonomy,makler-realty.com
https://makler-realty.com/resort/skiing-resort/,https://makler-realty.com/resort/skiing-resort/,200_candidate,Default preservation candidate; verify equivalent migrated content before launch.,taxonomy,makler-realty.com
https://makler-realty.com/resort/spa-resorts/,https://makler-realty.com/resort/spa-resorts/,200_candidate,Default preservation candidate; verify equivalent migrated content before launch.,taxonomy,makler-realty.com
https://makler-realty.com/resort/thessaloniki/,https://makler-realty.com/resort/thessaloniki/,200_candidate,Default preservation candidate; verify equivalent migrated content before launch.,taxonomy,makler-realty.com
https://makler-realty.com/search/,https://makler-realty.com/search/,200_candidate,Default preservation candidate; verify equivalent migrated content before launch.,page,makler-realty.com
https://makler-realty.com/services/,https://makler-realty.com/services/,200_candidate,Default preservation candidate; verify equivalent migrated content before launch.,page,makler-realty.com
https://makler-realty.com/transfer-thessaloniki-bansko/,https://makler-realty.com/transfer-thessaloniki-bansko/,200_candidate,Default preservation candidate; verify equivalent migrated content before launch.,post,makler-realty.com
https://makler-realty.com/type/%d0%bf%d1%80%d0%be%d0%b4%d0%b0%d0%bd/,https://makler-realty.com/type/%d0%bf%d1%80%d0%be%d0%b4%d0%b0%d0%bd/,200_candidate,Default preservation candidate; verify equivalent migrated content before launch.,taxonomy,makler-realty.com
https://makler-realty.com/type/featured/,https://makler-realty.com/type/featured/,200_candidate,Default preservation candidate; verify equivalent migrated content before launch.,taxonomy,makler-realty.com
https://makler-realty.com/type/front/,https://makler-realty.com/type/front/,200_candidate,Default preservation candidate; verify equivalent migrated content before launch.,taxonomy,makler-realty.com
https://makler-realty.com/type/reduced/,https://makler-realty.com/type/reduced/,200_candidate,Default preservation candidate; verify equivalent migrated content before launch.,taxonomy,makler-realty.com
https://makler-realty.ru,https://makler-realty.ru,200_candidate,Default preservation candidate; verify equivalent migrated content before launch.,page,makler-realty.ru
https://makler-realty.ru/,https://makler-realty.ru/,200_candidate,Default preservation candidate; verify equivalent migrated content before launch.,page,makler-realty.ru
https://makler-realty.ru/%d0%b0%d0%bf%d1%82%d0%b5%d0%ba%d0%b8-%d0%b2-%d0%b3-%d1%81%d0%b0%d0%bd%d0%b4%d0%b0%d0%bd%d1%81%d0%ba%d0%b8/,https://makler-realty.ru/%d0%b0%d0%bf%d1%82%d0%b5%d0%ba%d0%b8-%d0%b2-%d0%b3-%d1%81%d0%b0%d0%bd%d0%b4%d0%b0%d0%bd%d1%81%d0%ba%d0%b8/,200_candidate,Default preservation candidate; verify equivalent migrated content before launch.,post,makler-realty.ru
https://makler-realty.ru/%d0%b1%d0%be%d0%bb%d0%b3%d0%b0%d1%80%d0%b8%d1%8f-%d0%b3%d0%bb%d0%b0%d0%b7%d0%b0%d0%bc%d0%b8-%d0%bf%d0%b5%d1%80%d0%b5%d1%81%d0%b5%d0%bb%d0%b5%d0%bd%d1%86%d0%b5%d0%b2/,https://makler-realty.ru/%d0%b1%d0%be%d0%bb%d0%b3%d0%b0%d1%80%d0%b8%d1%8f-%d0%b3%d0%bb%d0%b0%d0%b7%d0%b0%d0%bc%d0%b8-%d0%bf%d0%b5%d1%80%d0%b5%d1%81%d0%b5%d0%bb%d0%b5%d0%bd%d1%86%d0%b5%d0%b2/,200_candidate,Default preservation candidate; verify equivalent migrated content before launch.,post,makler-realty.ru
https://makler-realty.ru/%d0%b1%d0%be%d0%bb%d0%b3%d0%b0%d1%80%d0%b8%d1%8f-%d0%b3%d0%bb%d0%b0%d0%b7%d0%b0%d0%bc%d0%b8-%d0%bf%d0%b5%d1%80%d0%b5%d1%81%d0%b5%d0%bb%d0%b5%d0%bd%d1%86%d0%b5%d0%b21/,https://makler-realty.ru/%d0%b1%d0%be%d0%bb%d0%b3%d0%b0%d1%80%d0%b8%d1%8f-%d0%b3%d0%bb%d0%b0%d0%b7%d0%b0%d0%bc%d0%b8-%d0%bf%d0%b5%d1%80%d0%b5%d1%81%d0%b5%d0%bb%d0%b5%d0%bd%d1%86%d0%b5%d0%b21/,200_candidate,Default preservation candidate; verify equivalent migrated content before launch.,post,makler-realty.ru
https://makler-realty.ru/%d0%b1%d0%be%d0%bb%d0%b3%d0%b0%d1%80%d1%81%d0%ba%d0%b0%d1%8f-%d0%ba%d1%83%d1%85%d0%bd%d1%8f/,https://makler-realty.ru/%d0%b1%d0%be%d0%bb%d0%b3%d0%b0%d1%80%d1%81%d0%ba%d0%b0%d1%8f-%d0%ba%d1%83%d1%85%d0%bd%d1%8f/,200_candidate,Default preservation candidate; verify equivalent migrated content before launch.,post,makler-realty.ru
https://makler-realty.ru/%d0%b2%d0%b0%d0%bd%d0%b3%d0%b0-%d1%82%d0%b0%d0%b9%d0%bd%d0%b0-%d0%b4%d0%b0%d1%80%d0%b0-%d0%b1%d0%be%d0%bb%d0%b3%d0%b0%d1%80%d1%81%d0%ba%d0%be%d0%b9-%d1%8f%d1%81%d0%bd%d0%be%d0%b2%d0%b8%d0%b4%d0%b5/,https://makler-realty.ru/%d0%b2%d0%b0%d0%bd%d0%b3%d0%b0-%d1%82%d0%b0%d0%b9%d0%bd%d0%b0-%d0%b4%d0%b0%d1%80%d0%b0-%d0%b1%d0%be%d0%bb%d0%b3%d0%b0%d1%80%d1%81%d0%ba%d0%be%d0%b9-%d1%8f%d1%81%d0%bd%d0%be%d0%b2%d0%b8%d0%b4%d0%b5/,200_candidate,Default preservation candidate; verify equivalent migrated content before launch.,post,makler-realty.ru
https://makler-realty.ru/%d0%b2%d0%b2%d0%be%d0%b7-%d0%b2%d0%b0%d0%bb%d1%8e%d1%82%d1%8b-%d0%b2-%d0%b1%d0%be%d0%bb%d0%b3%d0%b0%d1%80%d0%b8%d1%8e/,https://makler-realty.ru/%d0%b2%d0%b2%d0%be%d0%b7-%d0%b2%d0%b0%d0%bb%d1%8e%d1%82%d1%8b-%d0%b2-%d0%b1%d0%be%d0%bb%d0%b3%d0%b0%d1%80%d0%b8%d1%8e/,200_candidate,Default preservation candidate; verify equivalent migrated content before launch.,post,makler-realty.ru
https://makler-realty.ru/%d0%b2%d0%bd%d0%b8%d0%bc%d0%b0%d0%bd%d0%b8%d0%b5-%d1%87%d0%b5%d1%80%d0%bd%d1%8b%d0%b5-%d1%80%d0%b8%d1%8d%d0%bb%d1%82%d0%be%d1%80%d1%8b-%d0%b2-%d1%81%d0%b0%d0%bd%d0%b4%d0%b0%d0%bd%d1%81%d0%ba%d0%b8/,https://makler-realty.ru/%d0%b2%d0%bd%d0%b8%d0%bc%d0%b0%d0%bd%d0%b8%d0%b5-%d1%87%d0%b5%d1%80%d0%bd%d1%8b%d0%b5-%d1%80%d0%b8%d1%8d%d0%bb%d1%82%d0%be%d1%80%d1%8b-%d0%b2-%d1%81%d0%b0%d0%bd%d0%b4%d0%b0%d0%bd%d1%81%d0%ba%d0%b8/,200_candidate,Default preservation candidate; verify equivalent migrated content before launch.,post,makler-realty.ru
https://makler-realty.ru/%d0%b2%d0%be%d0%bf%d1%80%d0%be%d1%81-%d0%be%d1%82%d0%b2%d0%b5%d1%82-%d0%bd%d0%b5%d0%b4%d0%b2%d0%b8%d0%b6%d0%b8%d0%bc%d0%be%d1%81%d1%82%d1%8c-%d0%b1%d0%be%d0%bb%d0%b3%d0%b0%d1%80%d0%b8%d1%8f/,https://makler-realty.ru/%d0%b2%d0%be%d0%bf%d1%80%d0%be%d1%81-%d0%be%d1%82%d0%b2%d0%b5%d1%82-%d0%bd%d0%b5%d0%b4%d0%b2%d0%b8%d0%b6%d0%b8%d0%bc%d0%be%d1%81%d1%82%d1%8c-%d0%b1%d0%be%d0%bb%d0%b3%d0%b0%d1%80%d0%b8%d1%8f/,200_candidate,Default preservation candidate; verify equivalent migrated content before launch.,page,makler-realty.ru
https://makler-realty.ru/%d0%b2%d0%be%d0%bf%d1%80%d0%be%d1%81-%d0%be%d1%82%d0%b2%d0%b5%d1%82-%d0%bd%d0%b5%d0%b4%d0%b2%d0%b8%d0%b6%d0%b8%d0%bc%d0%be%d1%81%d1%82%d1%8c-%d0%b1%d0%be%d0%bb%d0%b3%d0%b0%d1%80%d0%b8%d1%8f/%d0%ba%d0%b0%d0%ba-%d0%b2%d1%8b%d0%b1%d1%80%d0%b0%d1%82%d1%8c-%d0%b0%d0%b3%d0%b5%d0%bd%d1%82%d1%81%d1%82%d0%b2%d0%be-%d0%bd%d0%b5%d0%b4%d0%b2%d0%b8%d0%b6%d0%b8%d0%bc%d0%be%d1%81%d1%82%d0%b8/,https://makler-realty.ru/%d0%b2%d0%be%d0%bf%d1%80%d0%be%d1%81-%d0%be%d1%82%d0%b2%d0%b5%d1%82-%d0%bd%d0%b5%d0%b4%d0%b2%d0%b8%d0%b6%d0%b8%d0%bc%d0%be%d1%81%d1%82%d1%8c-%d0%b1%d0%be%d0%bb%d0%b3%d0%b0%d1%80%d0%b8%d1%8f/%d0%ba%d0%b0%d0%ba-%d0%b2%d1%8b%d0%b1%d1%80%d0%b0%d1%82%d1%8c-%d0%b0%d0%b3%d0%b5%d0%bd%d1%82%d1%81%d1%82%d0%b2%d0%be-%d0%bd%d0%b5%d0%b4%d0%b2%d0%b8%d0%b6%d0%b8%d0%bc%d0%be%d1%81%d1%82%d0%b8/,200_candidate,Default preservation candidate; verify equivalent migrated content before launch.,page,makler-realty.ru
https://makler-realty.ru/%d0%b2%d0%be%d0%bf%d1%80%d0%be%d1%81-%d0%be%d1%82%d0%b2%d0%b5%d1%82-%d0%bd%d0%b5%d0%b4%d0%b2%d0%b8%d0%b6%d0%b8%d0%bc%d0%be%d1%81%d1%82%d1%8c-%d0%b1%d0%be%d0%bb%d0%b3%d0%b0%d1%80%d0%b8%d1%8f/chto-takoe-bulstat/,https://makler-realty.ru/%d0%b2%d0%be%d0%bf%d1%80%d0%be%d1%81-%d0%be%d1%82%d0%b2%d0%b5%d1%82-%d0%bd%d0%b5%d0%b4%d0%b2%d0%b8%d0%b6%d0%b8%d0%bc%d0%be%d1%81%d1%82%d1%8c-%d0%b1%d0%be%d0%bb%d0%b3%d0%b0%d1%80%d0%b8%d1%8f/chto-takoe-bulstat/,200_candidate,Default preservation candidate; verify equivalent migrated content before launch.,page,makler-realty.ru
https://makler-realty.ru/%d0%b2%d0%be%d0%bf%d1%80%d0%be%d1%81-%d0%be%d1%82%d0%b2%d0%b5%d1%82-%d0%bd%d0%b5%d0%b4%d0%b2%d0%b8%d0%b6%d0%b8%d0%bc%d0%be%d1%81%d1%82%d1%8c-%d0%b1%d0%be%d0%bb%d0%b3%d0%b0%d1%80%d0%b8%d1%8f/kak-dolgo-oformlqetsq-nedwizhimost-v-sobstvenost/,https://makler-realty.ru/%d0%b2%d0%be%d0%bf%d1%80%d0%be%d1%81-%d0%be%d1%82%d0%b2%d0%b5%d1%82-%d0%bd%d0%b5%d0%b4%d0%b2%d0%b8%d0%b6%d0%b8%d0%bc%d0%be%d1%81%d1%82%d1%8c-%d0%b1%d0%be%d0%bb%d0%b3%d0%b0%d1%80%d0%b8%d1%8f/kak-dolgo-oformlqetsq-nedwizhimost-v-sobstvenost/,200_candidate,Default preservation candidate; verify equivalent migrated content before launch.,page,makler-realty.ru
https://makler-realty.ru/%d0%b2%d0%be%d0%bf%d1%80%d0%be%d1%81-%d0%be%d1%82%d0%b2%d0%b5%d1%82-%d0%bd%d0%b5%d0%b4%d0%b2%d0%b8%d0%b6%d0%b8%d0%bc%d0%be%d1%81%d1%82%d1%8c-%d0%b1%d0%be%d0%bb%d0%b3%d0%b0%d1%80%d0%b8%d1%8f/kak-dolgo-oformlqetsq-notarialnij-akt/,https://makler-realty.ru/%d0%b2%d0%be%d0%bf%d1%80%d0%be%d1%81-%d0%be%d1%82%d0%b2%d0%b5%d1%82-%d0%bd%d0%b5%d0%b4%d0%b2%d0%b8%d0%b6%d0%b8%d0%bc%d0%be%d1%81%d1%82%d1%8c-%d0%b1%d0%be%d0%bb%d0%b3%d0%b0%d1%80%d0%b8%d1%8f/kak-dolgo-oformlqetsq-notarialnij-akt/,200_candidate,Default preservation candidate; verify equivalent migrated content before launch.,page,makler-realty.ru
https://makler-realty.ru/%d0%b2%d0%be%d0%bf%d1%80%d0%be%d1%81-%d0%be%d1%82%d0%b2%d0%b5%d1%82-%d0%bd%d0%b5%d0%b4%d0%b2%d0%b8%d0%b6%d0%b8%d0%bc%d0%be%d1%81%d1%82%d1%8c-%d0%b1%d0%be%d0%bb%d0%b3%d0%b0%d1%80%d0%b8%d1%8f/kak-kupit-i-zaregistrirovat-avto-v-bolgarii/,https://makler-realty.ru/%d0%b2%d0%be%d0%bf%d1%80%d0%be%d1%81-%d0%be%d1%82%d0%b2%d0%b5%d1%82-%d0%bd%d0%b5%d0%b4%d0%b2%d0%b8%d0%b6%d0%b8%d0%bc%d0%be%d1%81%d1%82%d1%8c-%d0%b1%d0%be%d0%bb%d0%b3%d0%b0%d1%80%d0%b8%d1%8f/kak-kupit-i-zaregistrirovat-avto-v-bolgarii/,200_candidate,Default preservation candidate; verify equivalent migrated content before launch.,page,makler-realty.ru
https://makler-realty.ru/%d0%b2%d0%be%d0%bf%d1%80%d0%be%d1%81-%d0%be%d1%82%d0%b2%d0%b5%d1%82-%d0%bd%d0%b5%d0%b4%d0%b2%d0%b8%d0%b6%d0%b8%d0%bc%d0%be%d1%81%d1%82%d1%8c-%d0%b1%d0%be%d0%bb%d0%b3%d0%b0%d1%80%d0%b8%d1%8f/kak-otnosqtsq-bolgari-k-inostrantsam/,https://makler-realty.ru/%d0%b2%d0%be%d0%bf%d1%80%d0%be%d1%81-%d0%be%d1%82%d0%b2%d0%b5%d1%82-%d0%bd%d0%b5%d0%b4%d0%b2%d0%b8%d0%b6%d0%b8%d0%bc%d0%be%d1%81%d1%82%d1%8c-%d0%b1%d0%be%d0%bb%d0%b3%d0%b0%d1%80%d0%b8%d1%8f/kak-otnosqtsq-bolgari-k-inostrantsam/,200_candidate,Default preservation candidate; verify equivalent migrated content before launch.,page,makler-realty.ru
https://makler-realty.ru/%d0%b2%d0%be%d0%bf%d1%80%d0%be%d1%81-%d0%be%d1%82%d0%b2%d0%b5%d1%82-%d0%bd%d0%b5%d0%b4%d0%b2%d0%b8%d0%b6%d0%b8%d0%bc%d0%be%d1%81%d1%82%d1%8c-%d0%b1%d0%be%d0%bb%d0%b3%d0%b0%d1%80%d0%b8%d1%8f/kak-polichit-vnzh-v-bolgarii/,https://makler-realty.ru/%d0%b2%d0%be%d0%bf%d1%80%d0%be%d1%81-%d0%be%d1%82%d0%b2%d0%b5%d1%82-%d0%bd%d0%b5%d0%b4%d0%b2%d0%b8%d0%b6%d0%b8%d0%bc%d0%be%d1%81%d1%82%d1%8c-%d0%b1%d0%be%d0%bb%d0%b3%d0%b0%d1%80%d0%b8%d1%8f/kak-polichit-vnzh-v-bolgarii/,200_candidate,Default preservation candidate; verify equivalent migrated content before launch.,page,makler-realty.ru
https://makler-realty.ru/%d0%b2%d0%be%d0%bf%d1%80%d0%be%d1%81-%d0%be%d1%82%d0%b2%d0%b5%d1%82-%d0%bd%d0%b5%d0%b4%d0%b2%d0%b8%d0%b6%d0%b8%d0%bc%d0%be%d1%81%d1%82%d1%8c-%d0%b1%d0%be%d0%bb%d0%b3%d0%b0%d1%80%d0%b8%d1%8f/kak-poluchit-grazhdanstvo-bolgarii/,https://makler-realty.ru/%d0%b2%d0%be%d0%bf%d1%80%d0%be%d1%81-%d0%be%d1%82%d0%b2%d0%b5%d1%82-%d0%bd%d0%b5%d0%b4%d0%b2%d0%b8%d0%b6%d0%b8%d0%bc%d0%be%d1%81%d1%82%d1%8c-%d0%b1%d0%be%d0%bb%d0%b3%d0%b0%d1%80%d0%b8%d1%8f/kak-poluchit-grazhdanstvo-bolgarii/,200_candidate,Default preservation candidate; verify equivalent migrated content before launch.,page,makler-realty.ru
https://makler-realty.ru/%d0%b2%d0%be%d0%bf%d1%80%d0%be%d1%81-%d0%be%d1%82%d0%b2%d0%b5%d1%82-%d0%bd%d0%b5%d0%b4%d0%b2%d0%b8%d0%b6%d0%b8%d0%bc%d0%be%d1%81%d1%82%d1%8c-%d0%b1%d0%be%d0%bb%d0%b3%d0%b0%d1%80%d0%b8%d1%8f/kak-poluchit-pmzh-v-bolgarii/,https://makler-realty.ru/%d0%b2%d0%be%d0%bf%d1%80%d0%be%d1%81-%d0%be%d1%82%d0%b2%d0%b5%d1%82-%d0%bd%d0%b5%d0%b4%d0%b2%d0%b8%d0%b6%d0%b8%d0%bc%d0%be%d1%81%d1%82%d1%8c-%d0%b1%d0%be%d0%bb%d0%b3%d0%b0%d1%80%d0%b8%d1%8f/kak-poluchit-pmzh-v-bolgarii/,200_candidate,Default preservation candidate; verify equivalent migrated content before launch.,page,makler-realty.ru
https://makler-realty.ru/%d0%b2%d0%be%d0%bf%d1%80%d0%be%d1%81-%d0%be%d1%82%d0%b2%d0%b5%d1%82-%d0%bd%d0%b5%d0%b4%d0%b2%d0%b8%d0%b6%d0%b8%d0%bc%d0%be%d1%81%d1%82%d1%8c-%d0%b1%d0%be%d0%bb%d0%b3%d0%b0%d1%80%d0%b8%d1%8f/kak-proverit-agentstvo-nedvizhimosti/,https://makler-realty.ru/%d0%b2%d0%be%d0%bf%d1%80%d0%be%d1%81-%d0%be%d1%82%d0%b2%d0%b5%d1%82-%d0%bd%d0%b5%d0%b4%d0%b2%d0%b8%d0%b6%d0%b8%d0%bc%d0%be%d1%81%d1%82%d1%8c-%d0%b1%d0%be%d0%bb%d0%b3%d0%b0%d1%80%d0%b8%d1%8f/kak-proverit-agentstvo-nedvizhimosti/,200_candidate,Default preservation candidate; verify equivalent migrated content before launch.,page,makler-realty.ru
https://makler-realty.ru/%d0%b2%d0%be%d0%bf%d1%80%d0%be%d1%81-%d0%be%d1%82%d0%b2%d0%b5%d1%82-%d0%bd%d0%b5%d0%b4%d0%b2%d0%b8%d0%b6%d0%b8%d0%bc%d0%be%d1%81%d1%82%d1%8c-%d0%b1%d0%be%d0%bb%d0%b3%d0%b0%d1%80%d0%b8%d1%8f/kakie-v-bolgarii-kommunalnie-platezhi/,https://makler-realty.ru/%d0%b2%d0%be%d0%bf%d1%80%d0%be%d1%81-%d0%be%d1%82%d0%b2%d0%b5%d1%82-%d0%bd%d0%b5%d0%b4%d0%b2%d0%b8%d0%b6%d0%b8%d0%bc%d0%be%d1%81%d1%82%d1%8c-%d0%b1%d0%be%d0%bb%d0%b3%d0%b0%d1%80%d0%b8%d1%8f/kakie-v-bolgarii-kommunalnie-platezhi/,200_candidate,Default preservation candidate; verify equivalent migrated content before launch.,page,makler-realty.ru
https://makler-realty.ru/%d0%b2%d0%be%d0%bf%d1%80%d0%be%d1%81-%d0%be%d1%82%d0%b2%d0%b5%d1%82-%d0%bd%d0%b5%d0%b4%d0%b2%d0%b8%d0%b6%d0%b8%d0%bc%d0%be%d1%81%d1%82%d1%8c-%d0%b1%d0%be%d0%bb%d0%b3%d0%b0%d1%80%d0%b8%d1%8f/kupit-nedvizhimost-u-zastroishika-ili-charez-agentstvo-nedvizhimosti/,https://makler-realty.ru/%d0%b2%d0%be%d0%bf%d1%80%d0%be%d1%81-%d0%be%d1%82%d0%b2%d0%b5%d1%82-%d0%bd%d0%b5%d0%b4%d0%b2%d0%b8%d0%b6%d0%b8%d0%bc%d0%be%d1%81%d1%82%d1%8c-%d0%b1%d0%be%d0%bb%d0%b3%d0%b0%d1%80%d0%b8%d1%8f/kupit-nedvizhimost-u-zastroishika-ili-charez-agentstvo-nedvizhimosti/,200_candidate,Default preservation candidate; verify equivalent migrated content before launch.,page,makler-realty.ru
https://makler-realty.ru/%d0%b2%d0%be%d0%bf%d1%80%d0%be%d1%81-%d0%be%d1%82%d0%b2%d0%b5%d1%82-%d0%bd%d0%b5%d0%b4%d0%b2%d0%b8%d0%b6%d0%b8%d0%bc%d0%be%d1%81%d1%82%d1%8c-%d0%b1%d0%be%d0%bb%d0%b3%d0%b0%d1%80%d0%b8%d1%8f/neobhodimie-dokumenti-dlq-pokupki-kvartiri-v-bolgarii/,https://makler-realty.ru/%d0%b2%d0%be%d0%bf%d1%80%d0%be%d1%81-%d0%be%d1%82%d0%b2%d0%b5%d1%82-%d0%bd%d0%b5%d0%b4%d0%b2%d0%b8%d0%b6%d0%b8%d0%bc%d0%be%d1%81%d1%82%d1%8c-%d0%b1%d0%be%d0%bb%d0%b3%d0%b0%d1%80%d0%b8%d1%8f/neobhodimie-dokumenti-dlq-pokupki-kvartiri-v-bolgarii/,200_candidate,Default preservation candidate; verify equivalent migrated content before launch.,page,makler-realty.ru
https://makler-realty.ru/%d0%b2%d0%be%d0%bf%d1%80%d0%be%d1%81-%d0%be%d1%82%d0%b2%d0%b5%d1%82-%d0%bd%d0%b5%d0%b4%d0%b2%d0%b8%d0%b6%d0%b8%d0%bc%d0%be%d1%81%d1%82%d1%8c-%d0%b1%d0%be%d0%bb%d0%b3%d0%b0%d1%80%d0%b8%d1%8f/pochemu-nuzhna-firma-dlq-pokupki-doma-v-bolgarii/,https://makler-realty.ru/%d0%b2%d0%be%d0%bf%d1%80%d0%be%d1%81-%d0%be%d1%82%d0%b2%d0%b5%d1%82-%d0%bd%d0%b5%d0%b4%d0%b2%d0%b8%d0%b6%d0%b8%d0%bc%d0%be%d1%81%d1%82%d1%8c-%d0%b1%d0%be%d0%bb%d0%b3%d0%b0%d1%80%d0%b8%d1%8f/pochemu-nuzhna-firma-dlq-pokupki-doma-v-bolgarii/,200_candidate,Default preservation candidate; verify equivalent migrated content before launch.,page,makler-realty.ru
https://makler-realty.ru/%d0%b2%d0%be%d0%bf%d1%80%d0%be%d1%81-%d0%be%d1%82%d0%b2%d0%b5%d1%82-%d0%bd%d0%b5%d0%b4%d0%b2%d0%b8%d0%b6%d0%b8%d0%bc%d0%be%d1%81%d1%82%d1%8c-%d0%b1%d0%be%d0%bb%d0%b3%d0%b0%d1%80%d0%b8%d1%8f/skolko-vremeni-neobhodimo-dlq-vibora-nedvizhimosti-ipredvaritelnogo-dogovora/,https://makler-realty.ru/%d0%b2%d0%be%d0%bf%d1%80%d0%be%d1%81-%d0%be%d1%82%d0%b2%d0%b5%d1%82-%d0%bd%d0%b5%d0%b4%d0%b2%d0%b8%d0%b6%d0%b8%d0%bc%d0%be%d1%81%d1%82%d1%8c-%d0%b1%d0%be%d0%bb%d0%b3%d0%b0%d1%80%d0%b8%d1%8f/skolko-vremeni-neobhodimo-dlq-vibora-nedvizhimosti-ipredvaritelnogo-dogovora/,200_candidate,Default preservation candidate; verify equivalent migrated content before launch.,page,makler-realty.ru
https://makler-realty.ru/%d0%b3%d0%bb%d0%b0%d0%b2%d0%bd%d0%b0%d1%8f/,https://makler-realty.ru/%d0%b3%d0%bb%d0%b0%d0%b2%d0%bd%d0%b0%d1%8f/,200_candidate,Default preservation candidate; verify equivalent migrated content before launch.,page,makler-realty.ru
https://makler-realty.ru/%d0%b4%d0%be%d1%81%d1%82%d0%be%d0%bf%d1%80%d0%b8%d0%bc%d0%b5%d1%87%d0%b0%d1%82%d0%b5%d0%bb%d0%bd%d0%be%d1%81%d1%82%d0%b8/,https://makler-realty.ru/%d0%b4%d0%be%d1%81%d1%82%d0%be%d0%bf%d1%80%d0%b8%d0%bc%d0%b5%d1%87%d0%b0%d1%82%d0%b5%d0%bb%d0%bd%d0%be%d1%81%d1%82%d0%b8/,200_candidate,Default preservation candidate; verify equivalent migrated content before launch.,page,makler-realty.ru
https://makler-realty.ru/%d0%ba%d0%b0%d0%ba-%d0%b4%d0%be%d0%b5%d1%85%d0%b0%d1%82%d1%8c-%d0%b8%d0%b7-%d1%81%d0%be%d1%84%d0%b8%d0%b8-%d0%b4%d0%be-%d1%81%d0%b0%d0%bd%d0%b4%d0%b0%d0%bd%d1%81%d0%ba%d0%b8/,https://makler-realty.ru/%d0%ba%d0%b0%d0%ba-%d0%b4%d0%be%d0%b5%d1%85%d0%b0%d1%82%d1%8c-%d0%b8%d0%b7-%d1%81%d0%be%d1%84%d0%b8%d0%b8-%d0%b4%d0%be-%d1%81%d0%b0%d0%bd%d0%b4%d0%b0%d0%bd%d1%81%d0%ba%d0%b8/,200_candidate,Default preservation candidate; verify equivalent migrated content before launch.,post,makler-realty.ru
https://makler-realty.ru/%d0%ba%d0%b8%d0%bd%d0%b5%d0%b7%d0%b8%d1%82%d0%b5%d1%80%d0%b0%d0%bf%d0%b8%d1%8f-%d0%bc%d0%b0%d0%bd%d1%83%d0%b0%d0%bb%d1%8c%d0%bd%d0%b0%d1%8f-%d1%82%d0%b5%d1%80%d0%b0%d0%bf%d0%b8%d1%8f/,https://makler-realty.ru/%d0%ba%d0%b8%d0%bd%d0%b5%d0%b7%d0%b8%d1%82%d0%b5%d1%80%d0%b0%d0%bf%d0%b8%d1%8f-%d0%bc%d0%b0%d0%bd%d1%83%d0%b0%d0%bb%d1%8c%d0%bd%d0%b0%d1%8f-%d1%82%d0%b5%d1%80%d0%b0%d0%bf%d0%b8%d1%8f/,200_candidate,Default preservation candidate; verify equivalent migrated content before launch.,post,makler-realty.ru
https://makler-realty.ru/%d0%ba%d0%be%d0%bd%d1%82%d0%b0%d0%ba%d1%82%d0%b8/,https://makler-realty.ru/%d0%ba%d0%be%d0%bd%d1%82%d0%b0%d0%ba%d1%82%d0%b8/,200_candidate,Default preservation candidate; verify equivalent migrated content before launch.,page,makler-realty.ru
https://makler-realty.ru/%d0%ba%d1%83%d0%bf%d0%b8%d1%82%d1%8c-%d0%b4%d0%be%d0%bc-%d0%b2-%d1%81%d0%b0%d0%bd%d0%b4%d0%b0%d0%bd%d1%81%d0%ba%d0%b8/,https://makler-realty.ru/%d0%ba%d1%83%d0%bf%d0%b8%d1%82%d1%8c-%d0%b4%d0%be%d0%bc-%d0%b2-%d1%81%d0%b0%d0%bd%d0%b4%d0%b0%d0%bd%d1%81%d0%ba%d0%b8/,200_candidate,Default preservation candidate; verify equivalent migrated content before launch.,post,makler-realty.ru
https://makler-realty.ru/%d0%ba%d1%83%d0%bf%d0%b8%d1%82%d1%8c-%d0%ba%d0%b2%d0%b0%d1%80%d1%82%d0%b8%d1%80%d1%83-%d0%b2-%d1%81%d0%b0%d0%bd%d0%b4%d0%b0%d0%bd%d1%81%d0%ba%d0%b8/,https://makler-realty.ru/%d0%ba%d1%83%d0%bf%d0%b8%d1%82%d1%8c-%d0%ba%d0%b2%d0%b0%d1%80%d1%82%d0%b8%d1%80%d1%83-%d0%b2-%d1%81%d0%b0%d0%bd%d0%b4%d0%b0%d0%bd%d1%81%d0%ba%d0%b8/,200_candidate,Default preservation candidate; verify equivalent migrated content before launch.,post,makler-realty.ru
https://makler-realty.ru/%d0%ba%d1%83%d1%80%d1%8c%d0%b5%d1%80%d1%81%d0%ba%d0%b8%d0%b5-%d1%84%d0%b8%d1%80%d0%bc%d1%8b-%d0%b2-%d0%b3%d0%be%d1%80%d0%be%d0%b4%d0%b5-%d1%81%d0%b0%d0%bd%d0%b4%d0%b0%d0%bd%d1%81%d0%ba%d0%b8/,https://makler-realty.ru/%d0%ba%d1%83%d1%80%d1%8c%d0%b5%d1%80%d1%81%d0%ba%d0%b8%d0%b5-%d1%84%d0%b8%d1%80%d0%bc%d1%8b-%d0%b2-%d0%b3%d0%be%d1%80%d0%be%d0%b4%d0%b5-%d1%81%d0%b0%d0%bd%d0%b4%d0%b0%d0%bd%d1%81%d0%ba%d0%b8/,200_candidate,Default preservation candidate; verify equivalent migrated content before launch.,post,makler-realty.ru
https://makler-realty.ru/%d0%bc%d0%b0%d0%ba%d0%b5%d0%b4%d0%be%d0%bd%d0%b8%d1%8f-%d0%be%d0%b1%d0%bb%d0%b5%d0%b3%d1%87%d0%b0%d0%b5%d1%82-%d0%bf%d1%80%d0%b0%d0%b2%d0%b8%d0%bb%d0%b0-%d0%b2%d1%8a%d0%b5%d0%b7%d0%b4%d0%b0/,https://makler-realty.ru/%d0%bc%d0%b0%d0%ba%d0%b5%d0%b4%d0%be%d0%bd%d0%b8%d1%8f-%d0%be%d0%b1%d0%bb%d0%b5%d0%b3%d1%87%d0%b0%d0%b5%d1%82-%d0%bf%d1%80%d0%b0%d0%b2%d0%b8%d0%bb%d0%b0-%d0%b2%d1%8a%d0%b5%d0%b7%d0%b4%d0%b0/,200_candidate,Default preservation candidate; verify equivalent migrated content before launch.,post,makler-realty.ru
https://makler-realty.ru/%d0%bc%d0%b0%d0%ba%d0%b5%d0%b4%d0%be%d0%bd%d0%b8%d1%8f-%d0%bf%d1%83%d1%81%d1%82%d0%b8%d1%82-%d0%bf%d0%be-%d0%bf%d0%b0%d1%81%d0%bf%d0%be%d1%80%d1%82%d1%83/,https://makler-realty.ru/%d0%bc%d0%b0%d0%ba%d0%b5%d0%b4%d0%be%d0%bd%d0%b8%d1%8f-%d0%bf%d1%83%d1%81%d1%82%d0%b8%d1%82-%d0%bf%d0%be-%d0%bf%d0%b0%d1%81%d0%bf%d0%be%d1%80%d1%82%d1%83/,200_candidate,Default preservation candidate; verify equivalent migrated content before launch.,post,makler-realty.ru
https://makler-realty.ru/%d0%bd%d0%b0%d1%88%d0%b8-%d0%bb%d1%83%d1%87%d1%88%d0%b8%d0%b5-%d0%bf%d1%80%d0%b5%d0%b4%d0%bb%d0%be%d0%b6%d0%b5%d0%bd%d0%b8%d1%8f-%d0%ba%d0%b2%d0%b0%d1%80%d1%82%d0%b8%d1%80-%d0%b2-%d1%81%d0%b0%d0%bd/,https://makler-realty.ru/%d0%bd%d0%b0%d1%88%d0%b8-%d0%bb%d1%83%d1%87%d1%88%d0%b8%d0%b5-%d0%bf%d1%80%d0%b5%d0%b4%d0%bb%d0%be%d0%b6%d0%b5%d0%bd%d0%b8%d1%8f-%d0%ba%d0%b2%d0%b0%d1%80%d1%82%d0%b8%d1%80-%d0%b2-%d1%81%d0%b0%d0%bd/,200_candidate,Default preservation candidate; verify equivalent migrated content before launch.,post,makler-realty.ru
https://makler-realty.ru/%d0%bd%d0%b5%d0%b4%d0%b2%d0%b8%d0%b6%d0%b8%d0%bc%d0%be%d1%81%d1%82%d1%8c-%d0%b2-%d0%b1%d0%be%d0%bb%d0%b3%d0%b0%d1%80%d0%b8%d0%b8/,https://makler-realty.ru/%d0%bd%d0%b5%d0%b4%d0%b2%d0%b8%d0%b6%d0%b8%d0%bc%d0%be%d1%81%d1%82%d1%8c-%d0%b2-%d0%b1%d0%be%d0%bb%d0%b3%d0%b0%d1%80%d0%b8%d0%b8/,200_candidate,Default preservation candidate; verify equivalent migrated content before launch.,post,makler-realty.ru
https://makler-realty.ru/%d0%bd%d0%b5%d0%b4%d0%b2%d0%b8%d0%b6%d0%b8%d0%bc%d0%be%d1%81%d1%82%d1%8c-%d0%b2-%d1%81%d0%b0%d0%bd%d0%b4%d0%b0%d0%bd%d1%81%d0%ba%d0%b8-%d0%b4%d0%b2%d1%83%d1%88%d0%ba%d0%b8/,https://makler-realty.ru/%d0%bd%d0%b5%d0%b4%d0%b2%d0%b8%d0%b6%d0%b8%d0%bc%d0%be%d1%81%d1%82%d1%8c-%d0%b2-%d1%81%d0%b0%d0%bd%d0%b4%d0%b0%d0%bd%d1%81%d0%ba%d0%b8-%d0%b4%d0%b2%d1%83%d1%88%d0%ba%d0%b8/,200_candidate,Default preservation candidate; verify equivalent migrated content before launch.,post,makler-realty.ru
https://makler-realty.ru/%d0%bd%d0%b5%d0%b4%d0%b2%d0%b8%d0%b6%d0%b8%d0%bc%d0%be%d1%81%d1%82%d1%8c-%d0%b2-%d1%81%d0%b0%d0%bd%d0%b4%d0%b0%d0%bd%d1%81%d0%ba%d0%b8/,https://makler-realty.ru/%d0%bd%d0%b5%d0%b4%d0%b2%d0%b8%d0%b6%d0%b8%d0%bc%d0%be%d1%81%d1%82%d1%8c-%d0%b2-%d1%81%d0%b0%d0%bd%d0%b4%d0%b0%d0%bd%d1%81%d0%ba%d0%b8/,200_candidate,Default preservation candidate; verify equivalent migrated content before launch.,post,makler-realty.ru
https://makler-realty.ru/%d0%bd%d0%be%d0%b2%d1%8b%d0%b9-%d1%84%d0%b8%d0%bb%d1%8c%d0%bc-%d0%be-%d0%b2%d0%b0%d0%bd%d0%b3%d0%b5/,https://makler-realty.ru/%d0%bd%d0%be%d0%b2%d1%8b%d0%b9-%d1%84%d0%b8%d0%bb%d1%8c%d0%bc-%d0%be-%d0%b2%d0%b0%d0%bd%d0%b3%d0%b5/,200_candidate,Default preservation candidate; verify equivalent migrated content before launch.,post,makler-realty.ru
https://makler-realty.ru/%d0%bd%d0%be%d1%82%d0%b0%d1%80%d0%b8%d1%83%d1%81%d1%8b-%d0%b2-%d0%b3%d0%be%d1%80%d0%be%d0%b4%d0%b5-%d1%81%d0%b0%d0%bd%d0%b4%d0%b0%d0%bd%d1%81%d0%ba%d0%b8/,https://makler-realty.ru/%d0%bd%d0%be%d1%82%d0%b0%d1%80%d0%b8%d1%83%d1%81%d1%8b-%d0%b2-%d0%b3%d0%be%d1%80%d0%be%d0%b4%d0%b5-%d1%81%d0%b0%d0%bd%d0%b4%d0%b0%d0%bd%d1%81%d0%ba%d0%b8/,200_candidate,Default preservation candidate; verify equivalent migrated content before launch.,post,makler-realty.ru
https://makler-realty.ru/%d0%be%d0%b1%d1%89%d0%b0%d1%8f-%d0%bf%d0%bb%d0%be%d1%89%d0%b0%d0%b4%d1%8c-%d0%ba%d0%b2%d0%b0%d1%80%d1%82%d0%b8%d1%80%d1%8b-%d1%87%d1%82%d0%be-%d1%8d%d1%82%d0%be/,https://makler-realty.ru/%d0%be%d0%b1%d1%89%d0%b0%d1%8f-%d0%bf%d0%bb%d0%be%d1%89%d0%b0%d0%b4%d1%8c-%d0%ba%d0%b2%d0%b0%d1%80%d1%82%d0%b8%d1%80%d1%8b-%d1%87%d1%82%d0%be-%d1%8d%d1%82%d0%be/,200_candidate,Default preservation candidate; verify equivalent migrated content before launch.,post,makler-realty.ru
https://makler-realty.ru/%d0%be%d1%84%d0%be%d1%80%d0%bc%d0%bb%d0%b5%d0%bd%d0%b8%d0%b5-%d1%81%d0%b4%d0%b5%d0%bb%d0%ba%d0%b8-%d0%bd%d0%b5%d0%b4%d0%b2%d0%b8%d0%b6%d0%b8%d0%bc%d0%be%d1%81%d1%82%d1%8c-%d0%b1%d0%be%d0%bb%d0%b3/,https://makler-realty.ru/%d0%be%d1%84%d0%be%d1%80%d0%bc%d0%bb%d0%b5%d0%bd%d0%b8%d0%b5-%d1%81%d0%b4%d0%b5%d0%bb%d0%ba%d0%b8-%d0%bd%d0%b5%d0%b4%d0%b2%d0%b8%d0%b6%d0%b8%d0%bc%d0%be%d1%81%d1%82%d1%8c-%d0%b1%d0%be%d0%bb%d0%b3/,200_candidate,Default preservation candidate; verify equivalent migrated content before launch.,page,makler-realty.ru
https://makler-realty.ru/%d0%bf%d0%b0%d1%80%d1%82%d0%bd%d1%8c%d0%be%d1%80%d0%b8/,https://makler-realty.ru/%d0%bf%d0%b0%d1%80%d1%82%d0%bd%d1%8c%d0%be%d1%80%d0%b8/,200_candidate,Default preservation candidate; verify equivalent migrated content before launch.,page,makler-realty.ru
https://makler-realty.ru/%d0%bf%d1%80%d0%b0%d0%b7%d0%b4%d0%bd%d0%b8%d0%ba%d0%b8-%d0%b1%d0%be%d0%bb%d0%b3%d0%b0%d1%80%d0%b8%d0%b8/,https://makler-realty.ru/%d0%bf%d1%80%d0%b0%d0%b7%d0%b4%d0%bd%d0%b8%d0%ba%d0%b8-%d0%b1%d0%be%d0%bb%d0%b3%d0%b0%d1%80%d0%b8%d0%b8/,200_candidate,Default preservation candidate; verify equivalent migrated content before launch.,post,makler-realty.ru
https://makler-realty.ru/%d0%bf%d1%80%d0%be%d0%b4%d0%b0%d0%b6%d0%b0-%d0%ba%d0%b2%d0%b0%d1%80%d1%82%d0%b8%d1%80-%d1%81%d0%b0%d0%bd%d0%b4%d0%b0%d0%bd%d1%81%d0%ba%d0%b8/,https://makler-realty.ru/%d0%bf%d1%80%d0%be%d0%b4%d0%b0%d0%b6%d0%b0-%d0%ba%d0%b2%d0%b0%d1%80%d1%82%d0%b8%d1%80-%d1%81%d0%b0%d0%bd%d0%b4%d0%b0%d0%bd%d1%81%d0%ba%d0%b8/,200_candidate,Default preservation candidate; verify equivalent migrated content before launch.,post,makler-realty.ru
https://makler-realty.ru/%d1%80%d1%83%d1%81%d1%81%d0%ba%d0%b8%d0%b5-%d0%b2-%d1%81%d0%b0%d0%bd%d0%b4%d0%b0%d0%bd%d1%81%d0%ba%d0%b8/,https://makler-realty.ru/%d1%80%d1%83%d1%81%d1%81%d0%ba%d0%b8%d0%b5-%d0%b2-%d1%81%d0%b0%d0%bd%d0%b4%d0%b0%d0%bd%d1%81%d0%ba%d0%b8/,200_candidate,Default preservation candidate; verify equivalent migrated content before launch.,post,makler-realty.ru
https://makler-realty.ru/%d1%81%d0%b0%d0%bd%d0%b4%d0%b0%d0%bd%d1%81%d0%ba%d0%b8-%d0%b1%d0%be%d0%bb%d0%b3%d0%b0%d1%80%d0%b8%d1%8f/,https://makler-realty.ru/%d1%81%d0%b0%d0%bd%d0%b4%d0%b0%d0%bd%d1%81%d0%ba%d0%b8-%d0%b1%d0%be%d0%bb%d0%b3%d0%b0%d1%80%d0%b8%d1%8f/,200_candidate,Default preservation candidate; verify equivalent migrated content before launch.,post,makler-realty.ru
https://makler-realty.ru/%d1%81%d0%b0%d0%bd%d0%b4%d0%b0%d0%bd%d1%81%d0%ba%d0%b8-%d0%bb%d0%b5%d1%87%d0%b5%d0%bd%d0%b8%d0%b5-%d0%b0%d1%81%d1%82%d0%bc%d1%8b/,https://makler-realty.ru/%d1%81%d0%b0%d0%bd%d0%b4%d0%b0%d0%bd%d1%81%d0%ba%d0%b8-%d0%bb%d0%b5%d1%87%d0%b5%d0%bd%d0%b8%d0%b5-%d0%b0%d1%81%d1%82%d0%bc%d1%8b/,200_candidate,Default preservation candidate; verify equivalent migrated content before launch.,post,makler-realty.ru
https://makler-realty.ru/%d1%81%d0%b0%d0%bd%d0%b4%d0%b0%d0%bd%d1%81%d0%ba%d0%b8-%d0%bb%d0%b5%d1%87%d0%b5%d0%bd%d0%b8%d0%b5/,https://makler-realty.ru/%d1%81%d0%b0%d0%bd%d0%b4%d0%b0%d0%bd%d1%81%d0%ba%d0%b8-%d0%bb%d0%b5%d1%87%d0%b5%d0%bd%d0%b8%d0%b5/,200_candidate,Default preservation candidate; verify equivalent migrated content before launch.,post,makler-realty.ru
https://makler-realty.ru/%d1%81%d0%b0%d0%bd%d0%b4%d0%b0%d0%bd%d1%81%d0%ba%d0%b8-%d0%bb%d1%83%d1%87%d1%88%d0%b8%d0%b9-%d1%81%d0%bf%d0%b0-%d0%ba%d1%83%d1%80%d0%be%d1%80%d1%82-2009-%d0%b3%d0%be%d0%b4%d0%b0/,https://makler-realty.ru/%d1%81%d0%b0%d0%bd%d0%b4%d0%b0%d0%bd%d1%81%d0%ba%d0%b8-%d0%bb%d1%83%d1%87%d1%88%d0%b8%d0%b9-%d1%81%d0%bf%d0%b0-%d0%ba%d1%83%d1%80%d0%be%d1%80%d1%82-2009-%d0%b3%d0%be%d0%b4%d0%b0/,200_candidate,Default preservation candidate; verify equivalent migrated content before launch.,post,makler-realty.ru
https://makler-realty.ru/%d1%81%d0%b0%d0%bd%d0%b4%d0%b0%d0%bd%d1%81%d0%ba%d0%b8/,https://makler-realty.ru/%d1%81%d0%b0%d0%bd%d0%b4%d0%b0%d0%bd%d1%81%d0%ba%d0%b8/,200_candidate,Default preservation candidate; verify equivalent migrated content before launch.,post,makler-realty.ru
https://makler-realty.ru/%d1%81%d1%82%d0%b0%d1%82%d1%8c%d0%b8-%d0%be-%d0%b1%d0%be%d0%bb%d0%b3%d0%b0%d1%80%d0%b8%d0%b8/,https://makler-realty.ru/%d1%81%d1%82%d0%b0%d1%82%d1%8c%d0%b8-%d0%be-%d0%b1%d0%be%d0%bb%d0%b3%d0%b0%d1%80%d0%b8%d0%b8/,200_candidate,Default preservation candidate; verify equivalent migrated content before launch.,page,makler-realty.ru
https://makler-realty.ru/%d1%81%d1%82%d1%80%d0%be%d0%b8%d1%82%d0%b5%d0%bb%d1%8c%d1%81%d1%82%d0%b2%d0%be/,https://makler-realty.ru/%d1%81%d1%82%d1%80%d0%be%d0%b8%d1%82%d0%b5%d0%bb%d1%8c%d1%81%d1%82%d0%b2%d0%be/,200_candidate,Default preservation candidate; verify equivalent migrated content before launch.,page,makler-realty.ru
https://makler-realty.ru/%d1%82%d0%b0%d0%ba%d1%81%d0%b8-%d0%b2-%d1%81%d0%b0%d0%bd%d0%b4%d0%b0%d0%bd%d1%81%d0%ba%d0%b8/,https://makler-realty.ru/%d1%82%d0%b0%d0%ba%d1%81%d0%b8-%d0%b2-%d1%81%d0%b0%d0%bd%d0%b4%d0%b0%d0%bd%d1%81%d0%ba%d0%b8/,200_candidate,Default preservation candidate; verify equivalent migrated content before launch.,post,makler-realty.ru
https://makler-realty.ru/%d1%82%d0%b0%d0%ba%d1%81%d0%b8-%d0%b8%d0%b7-%d1%81%d0%be%d1%84%d0%b8%d0%b8-%d0%b2-%d1%81%d0%b0%d0%bd%d0%b4%d0%b0%d0%bd%d1%81%d0%ba%d0%b8/,https://makler-realty.ru/%d1%82%d0%b0%d0%ba%d1%81%d0%b8-%d0%b8%d0%b7-%d1%81%d0%be%d1%84%d0%b8%d0%b8-%d0%b2-%d1%81%d0%b0%d0%bd%d0%b4%d0%b0%d0%bd%d1%81%d0%ba%d0%b8/,200_candidate,Default preservation candidate; verify equivalent migrated content before launch.,post,makler-realty.ru
https://makler-realty.ru/%d1%82%d1%80%d0%b0%d0%bd%d1%81%d1%84%d0%b5%d1%80-%d1%81%d0%b0%d0%bb%d0%be%d0%bd%d0%b8%d0%ba%d0%b8-%d1%81%d0%b0%d0%bd%d0%b4%d0%b0%d0%bd%d1%81%d0%ba%d0%b8/,https://makler-realty.ru/%d1%82%d1%80%d0%b0%d0%bd%d1%81%d1%84%d0%b5%d1%80-%d1%81%d0%b0%d0%bb%d0%be%d0%bd%d0%b8%d0%ba%d0%b8-%d1%81%d0%b0%d0%bd%d0%b4%d0%b0%d0%bd%d1%81%d0%ba%d0%b8/,200_candidate,Default preservation candidate; verify equivalent migrated content before launch.,post,makler-realty.ru
https://makler-realty.ru/%d1%82%d1%80%d0%b0%d0%bd%d1%81%d1%84%d0%b5%d1%80-%d1%81%d0%be%d1%84%d0%b8%d1%8f-%d0%b1%d0%b0%d0%bd%d1%81%d0%ba%d0%be/,https://makler-realty.ru/%d1%82%d1%80%d0%b0%d0%bd%d1%81%d1%84%d0%b5%d1%80-%d1%81%d0%be%d1%84%d0%b8%d1%8f-%d0%b1%d0%b0%d0%bd%d1%81%d0%ba%d0%be/,200_candidate,Default preservation candidate; verify equivalent migrated content before launch.,post,makler-realty.ru
https://makler-realty.ru/%d1%83%d0%b1%d0%be%d1%80%d0%ba%d0%b0-%d0%ba%d0%b2%d0%b0%d1%80%d1%82%d0%b8%d1%80-%d1%81%d0%b0%d0%bd%d0%b4%d0%b0%d0%bd%d1%81%d0%ba%d0%b8/,https://makler-realty.ru/%d1%83%d0%b1%d0%be%d1%80%d0%ba%d0%b0-%d0%ba%d0%b2%d0%b0%d1%80%d1%82%d0%b8%d1%80-%d1%81%d0%b0%d0%bd%d0%b4%d0%b0%d0%bd%d1%81%d0%ba%d0%b8/,200_candidate,Default preservation candidate; verify equivalent migrated content before launch.,post,makler-realty.ru
https://makler-realty.ru/%d1%83%d1%81%d0%bb%d1%83%d0%b3%d0%b8-%d0%b2-%d1%81%d0%b0%d0%bd%d0%b4%d0%b0%d0%bd%d1%81%d0%ba%d0%b8/,https://makler-realty.ru/%d1%83%d1%81%d0%bb%d1%83%d0%b3%d0%b8-%d0%b2-%d1%81%d0%b0%d0%bd%d0%b4%d0%b0%d0%bd%d1%81%d0%ba%d0%b8/,200_candidate,Default preservation candidate; verify equivalent migrated content before launch.,page,makler-realty.ru
https://makler-realty.ru/%d1%83%d1%81%d0%bb%d1%83%d0%b3%d0%b8-%d0%b2-%d1%81%d0%b0%d0%bd%d0%b4%d0%b0%d0%bd%d1%81%d0%ba%d0%b8/%d0%b8%d0%bd%d1%84%d0%be%d1%80%d0%bc%d0%b0%d1%86%d0%b8%d1%8f/,https://makler-realty.ru/%d1%83%d1%81%d0%bb%d1%83%d0%b3%d0%b8-%d0%b2-%d1%81%d0%b0%d0%bd%d0%b4%d0%b0%d0%bd%d1%81%d0%ba%d0%b8/%d0%b8%d0%bd%d1%84%d0%be%d1%80%d0%bc%d0%b0%d1%86%d0%b8%d1%8f/,200_candidate,Default preservation candidate; verify equivalent migrated content before launch.,page,makler-realty.ru
https://makler-realty.ru/%d1%83%d1%81%d0%bb%d1%83%d0%b3%d0%b8-%d0%bd%d0%b5%d0%b4%d0%b2%d0%b8%d0%b6%d0%b8%d0%bc%d0%be%d1%81%d1%82%d1%8c-%d0%b1%d0%be%d0%bb%d0%b3%d0%b0%d1%80%d0%b8%d1%8f/,https://makler-realty.ru/%d1%83%d1%81%d0%bb%d1%83%d0%b3%d0%b8-%d0%bd%d0%b5%d0%b4%d0%b2%d0%b8%d0%b6%d0%b8%d0%bc%d0%be%d1%81%d1%82%d1%8c-%d0%b1%d0%be%d0%bb%d0%b3%d0%b0%d1%80%d0%b8%d1%8f/,200_candidate,Default preservation candidate; verify equivalent migrated content before launch.,page,makler-realty.ru
https://makler-realty.ru/%d1%87%d1%83%d0%b4%d0%be%d0%b4%d0%b5%d0%b9%d1%81%d1%82%d0%b2%d0%b5%d0%bd%d0%bd%d1%8b%d0%b5-%d0%bc%d0%b5%d1%81%d1%82%d0%b0-%d0%b2-%d0%b1%d0%be%d0%bb%d0%b3%d0%b0%d1%80%d0%b8%d0%b8-%d0%b7%d0%bb%d0%b0/,https://makler-realty.ru/%d1%87%d1%83%d0%b4%d0%be%d0%b4%d0%b5%d0%b9%d1%81%d1%82%d0%b2%d0%b5%d0%bd%d0%bd%d1%8b%d0%b5-%d0%bc%d0%b5%d1%81%d1%82%d0%b0-%d0%b2-%d0%b1%d0%be%d0%bb%d0%b3%d0%b0%d1%80%d0%b8%d0%b8-%d0%b7%d0%bb%d0%b0/,200_candidate,Default preservation candidate; verify equivalent migrated content before launch.,post,makler-realty.ru
https://makler-realty.ru/%d1%8d%d0%ba%d1%81%d0%ba%d1%83%d1%80%d1%81%d0%b8%d0%b8-%d0%b2-%d0%b3%d0%be%d1%80%d0%be%d0%b4%d0%b5-%d1%81%d0%b0%d0%bd%d0%b4%d0%b0%d0%bd%d1%81%d0%ba%d0%b8/,https://makler-realty.ru/%d1%8d%d0%ba%d1%81%d0%ba%d1%83%d1%80%d1%81%d0%b8%d0%b8-%d0%b2-%d0%b3%d0%be%d1%80%d0%be%d0%b4%d0%b5-%d1%81%d0%b0%d0%bd%d0%b4%d0%b0%d0%bd%d1%81%d0%ba%d0%b8/,200_candidate,Default preservation candidate; verify equivalent migrated content before launch.,post,makler-realty.ru
https://makler-realty.ru/%d1%8d%d0%ba%d1%81%d0%ba%d1%83%d1%80%d1%81%d0%b8%d0%b8-%d0%b2-%d1%81%d0%b0%d0%bd%d0%b4%d0%b0%d0%bd%d1%81%d0%ba%d0%b8/,https://makler-realty.ru/%d1%8d%d0%ba%d1%81%d0%ba%d1%83%d1%80%d1%81%d0%b8%d0%b8-%d0%b2-%d1%81%d0%b0%d0%bd%d0%b4%d0%b0%d0%bd%d1%81%d0%ba%d0%b8/,200_candidate,Default preservation candidate; verify equivalent migrated content before launch.,page,makler-realty.ru
https://makler-realty.ru/balcon/1/,https://makler-realty.ru/balcon/1/,200_candidate,Default preservation candidate; verify equivalent migrated content before launch.,page,makler-realty.ru
https://makler-realty.ru/balcon/2/,https://makler-realty.ru/balcon/2/,200_candidate,Default preservation candidate; verify equivalent migrated content before launch.,page,makler-realty.ru
https://makler-realty.ru/balcon/3/,https://makler-realty.ru/balcon/3/,200_candidate,Default preservation candidate; verify equivalent migrated content before launch.,page,makler-realty.ru
https://makler-realty.ru/balcon/4/,https://makler-realty.ru/balcon/4/,200_candidate,Default preservation candidate; verify equivalent migrated content before launch.,page,makler-realty.ru
https://makler-realty.ru/bedroom/1/,https://makler-realty.ru/bedroom/1/,200_candidate,Default preservation candidate; verify equivalent migrated content before launch.,page,makler-realty.ru
https://makler-realty.ru/bedroom/2/,https://makler-realty.ru/bedroom/2/,200_candidate,Default preservation candidate; verify equivalent migrated content before launch.,page,makler-realty.ru
https://makler-realty.ru/bedroom/3/,https://makler-realty.ru/bedroom/3/,200_candidate,Default preservation candidate; verify equivalent migrated content before launch.,page,makler-realty.ru
https://makler-realty.ru/bedroom/4/,https://makler-realty.ru/bedroom/4/,200_candidate,Default preservation candidate; verify equivalent migrated content before launch.,page,makler-realty.ru
https://makler-realty.ru/bedroom/5/,https://makler-realty.ru/bedroom/5/,200_candidate,Default preservation candidate; verify equivalent migrated content before launch.,page,makler-realty.ru
https://makler-realty.ru/category-type/%d1%81%d0%b5%d0%bb%d1%8c%d1%81%d0%ba%d0%be%d1%85%d0%be%d0%b7%d1%8f%d0%b9%d1%81%d1%82%d0%b2%d0%b5%d0%bd%d0%bd%d0%b0%d1%8f-%d0%b7%d0%b5%d0%bc%d0%bb%d1%8f/,https://makler-realty.ru/category-type/%d1%81%d0%b5%d0%bb%d1%8c%d1%81%d0%ba%d0%be%d1%85%d0%be%d0%b7%d1%8f%d0%b9%d1%81%d1%82%d0%b2%d0%b5%d0%bd%d0%bd%d0%b0%d1%8f-%d0%b7%d0%b5%d0%bc%d0%bb%d1%8f/,200_candidate,Default preservation candidate; verify equivalent migrated content before launch.,taxonomy,makler-realty.ru
https://makler-realty.ru/category-type/%d1%83%d1%87%d0%b0%d1%81%d1%82%d0%be%d0%ba-%d0%b7%d0%b5%d0%bc%d0%bb%d0%b8/,https://makler-realty.ru/category-type/%d1%83%d1%87%d0%b0%d1%81%d1%82%d0%be%d0%ba-%d0%b7%d0%b5%d0%bc%d0%bb%d0%b8/,200_candidate,Default preservation candidate; verify equivalent migrated content before launch.,taxonomy,makler-realty.ru
https://makler-realty.ru/category-type/apartment/,https://makler-realty.ru/category-type/apartment/,200_candidate,Default preservation candidate; verify equivalent migrated content before launch.,taxonomy,makler-realty.ru
https://makler-realty.ru/category-type/commercial-area/,https://makler-realty.ru/category-type/commercial-area/,200_candidate,Default preservation candidate; verify equivalent migrated content before launch.,taxonomy,makler-realty.ru
https://makler-realty.ru/category-type/dom/,https://makler-realty.ru/category-type/dom/,200_candidate,Default preservation candidate; verify equivalent migrated content before launch.,taxonomy,makler-realty.ru
https://makler-realty.ru/category-type/elite-realtor/,https://makler-realty.ru/category-type/elite-realtor/,200_candidate,Default preservation candidate; verify equivalent migrated content before launch.,taxonomy,makler-realty.ru
https://makler-realty.ru/category-type/hotel/,https://makler-realty.ru/category-type/hotel/,200_candidate,Default preservation candidate; verify equivalent migrated content before launch.,taxonomy,makler-realty.ru
https://makler-realty.ru/category-type/house-floor/,https://makler-realty.ru/category-type/house-floor/,200_candidate,Default preservation candidate; verify equivalent migrated content before launch.,taxonomy,makler-realty.ru
https://makler-realty.ru/category-type/industrial-building/,https://makler-realty.ru/category-type/industrial-building/,200_candidate,Default preservation candidate; verify equivalent migrated content before launch.,taxonomy,makler-realty.ru
https://makler-realty.ru/category-type/magazin/,https://makler-realty.ru/category-type/magazin/,200_candidate,Default preservation candidate; verify equivalent migrated content before launch.,taxonomy,makler-realty.ru
https://makler-realty.ru/category-type/office-building/,https://makler-realty.ru/category-type/office-building/,200_candidate,Default preservation candidate; verify equivalent migrated content before launch.,taxonomy,makler-realty.ru
https://makler-realty.ru/category-type/office/,https://makler-realty.ru/category-type/office/,200_candidate,Default preservation candidate; verify equivalent migrated content before launch.,taxonomy,makler-realty.ru
https://makler-realty.ru/category-type/restaurant/,https://makler-realty.ru/category-type/restaurant/,200_candidate,Default preservation candidate; verify equivalent migrated content before launch.,taxonomy,makler-realty.ru
https://makler-realty.ru/category-type/studio/,https://makler-realty.ru/category-type/studio/,200_candidate,Default preservation candidate; verify equivalent migrated content before launch.,taxonomy,makler-realty.ru
https://makler-realty.ru/category-type/villa/,https://makler-realty.ru/category-type/villa/,200_candidate,Default preservation candidate; verify equivalent migrated content before launch.,taxonomy,makler-realty.ru
https://makler-realty.ru/category/%d0%bd%d0%be%d0%b2%d0%b8%d0%bd%d0%b8/,https://makler-realty.ru/category/%d0%bd%d0%be%d0%b2%d0%b8%d0%bd%d0%b8/,200_candidate,Default preservation candidate; verify equivalent migrated content before launch.,taxonomy,makler-realty.ru
https://makler-realty.ru/category/%d1%81%d1%82%d0%b0%d1%82%d0%b8%d0%b8/,https://makler-realty.ru/category/%d1%81%d1%82%d0%b0%d1%82%d0%b8%d0%b8/,200_candidate,Default preservation candidate; verify equivalent migrated content before launch.,taxonomy,makler-realty.ru
https://makler-realty.ru/category/uncategorized/,https://makler-realty.ru/category/uncategorized/,200_candidate,Default preservation candidate; verify equivalent migrated content before launch.,taxonomy,makler-realty.ru
https://makler-realty.ru/floors/1/,https://makler-realty.ru/floors/1/,200_candidate,Default preservation candidate; verify equivalent migrated content before launch.,taxonomy,makler-realty.ru
https://makler-realty.ru/floors/2/,https://makler-realty.ru/floors/2/,200_candidate,Default preservation candidate; verify equivalent migrated content before launch.,taxonomy,makler-realty.ru
https://makler-realty.ru/floors/3/,https://makler-realty.ru/floors/3/,200_candidate,Default preservation candidate; verify equivalent migrated content before launch.,taxonomy,makler-realty.ru
https://makler-realty.ru/floors/4/,https://makler-realty.ru/floors/4/,200_candidate,Default preservation candidate; verify equivalent migrated content before launch.,taxonomy,makler-realty.ru
https://makler-realty.ru/floors/5/,https://makler-realty.ru/floors/5/,200_candidate,Default preservation candidate; verify equivalent migrated content before launch.,taxonomy,makler-realty.ru
https://makler-realty.ru/listing/,https://makler-realty.ru/listing/,200_candidate,Default preservation candidate; verify equivalent migrated content before launch.,taxonomy,makler-realty.ru
https://makler-realty.ru/listing/%d0%b0%d0%bf%d0%b0%d1%80%d1%82%d0%b0%d0%bc%d0%b5%d0%bd%d1%82%d1%8b-%d0%b2-%d0%bf%d0%b0%d1%80%d0%ba-%d0%be%d1%82%d0%b5%d0%bb%d0%b5-%d0%bf%d0%b8%d1%80%d0%b8%d0%bd-%d1%81%d0%b0%d0%bd%d0%b4%d0%b0%d0%bd/,https://makler-realty.ru/listing/%d0%b0%d0%bf%d0%b0%d1%80%d1%82%d0%b0%d0%bc%d0%b5%d0%bd%d1%82%d1%8b-%d0%b2-%d0%bf%d0%b0%d1%80%d0%ba-%d0%be%d1%82%d0%b5%d0%bb%d0%b5-%d0%bf%d0%b8%d1%80%d0%b8%d0%bd-%d1%81%d0%b0%d0%bd%d0%b4%d0%b0%d0%bd/,200_candidate,Default preservation candidate; verify equivalent migrated content before launch.,listing,makler-realty.ru
https://makler-realty.ru/listing/%d0%b0%d1%80%d0%b5%d0%bd%d0%b4%d0%b0-%d0%bf%d0%b0%d0%bd%d0%be%d1%80%d0%b0%d0%bc%d0%bd%d0%be%d0%b9-%d0%b4%d0%b2%d1%83%d1%88%d0%ba%d0%b8-%d0%b2-%d1%81%d0%b0%d0%bd%d0%b4%d0%b0%d0%bd%d1%81%d0%ba/,https://makler-realty.ru/listing/%d0%b0%d1%80%d0%b5%d0%bd%d0%b4%d0%b0-%d0%bf%d0%b0%d0%bd%d0%be%d1%80%d0%b0%d0%bc%d0%bd%d0%be%d0%b9-%d0%b4%d0%b2%d1%83%d1%88%d0%ba%d0%b8-%d0%b2-%d1%81%d0%b0%d0%bd%d0%b4%d0%b0%d0%bd%d1%81%d0%ba/,200_candidate,Default preservation candidate; verify equivalent migrated content before launch.,listing,makler-realty.ru
https://makler-realty.ru/listing/%d0%b1%d0%be%d0%bb%d1%8c%d1%88%d0%be%d0%b9-%d1%83%d1%87%d0%b0%d1%81%d1%82%d0%be%d0%ba-%d0%b7%d0%b4%d0%b0%d0%bd%d0%b8%d1%8f-%d1%81%d0%b0%d0%bd%d0%b4%d0%b0%d0%bd%d1%81%d0%ba%d0%b8/,https://makler-realty.ru/listing/%d0%b1%d0%be%d0%bb%d1%8c%d1%88%d0%be%d0%b9-%d1%83%d1%87%d0%b0%d1%81%d1%82%d0%be%d0%ba-%d0%b7%d0%b4%d0%b0%d0%bd%d0%b8%d1%8f-%d1%81%d0%b0%d0%bd%d0%b4%d0%b0%d0%bd%d1%81%d0%ba%d0%b8/,200_candidate,Default preservation candidate; verify equivalent migrated content before launch.,listing,makler-realty.ru
https://makler-realty.ru/listing/%d0%b4%d0%be%d0%bc-%d0%b2-%d0%b4%d0%b5%d1%80%d0%b5%d0%b2%d0%bd%d0%b5-%d1%81%d0%bf%d0%b0%d1%82%d0%be%d0%b2%d0%be-%d0%bc%d1%83%d0%bd%d0%b8%d1%86%d0%b8%d0%bf%d0%b0%d0%bb%d0%b8%d1%82%d0%b5%d1%82-%d1%81/,https://makler-realty.ru/listing/%d0%b4%d0%be%d0%bc-%d0%b2-%d0%b4%d0%b5%d1%80%d0%b5%d0%b2%d0%bd%d0%b5-%d1%81%d0%bf%d0%b0%d1%82%d0%be%d0%b2%d0%be-%d0%bc%d1%83%d0%bd%d0%b8%d1%86%d0%b8%d0%bf%d0%b0%d0%bb%d0%b8%d1%82%d0%b5%d1%82-%d1%81/,200_candidate,Default preservation candidate; verify equivalent migrated content before launch.,listing,makler-realty.ru
https://makler-realty.ru/listing/%d0%b4%d0%be%d0%bc-%d0%bd%d0%b0-%d0%bf%d1%80%d0%be%d0%b4%d0%b0%d0%b6%d1%83-%d0%b2-%d1%81%d0%b5%d0%bb%d0%b5-%d0%bf%d0%b5%d1%82%d1%80%d0%be%d0%b2%d0%be-%d0%bc%d1%83%d0%bd%d0%b8%d1%86%d0%b8%d0%bf%d0%b0/,https://makler-realty.ru/listing/%d0%b4%d0%be%d0%bc-%d0%bd%d0%b0-%d0%bf%d1%80%d0%be%d0%b4%d0%b0%d0%b6%d1%83-%d0%b2-%d1%81%d0%b5%d0%bb%d0%b5-%d0%bf%d0%b5%d1%82%d1%80%d0%be%d0%b2%d0%be-%d0%bc%d1%83%d0%bd%d0%b8%d1%86%d0%b8%d0%bf%d0%b0/,200_candidate,Default preservation candidate; verify equivalent migrated content before launch.,listing,makler-realty.ru
https://makler-realty.ru/listing/%d0%ba%d0%b2%d0%b0%d1%80%d1%82%d0%b8%d1%80%d0%b0-%d0%bf%d0%b0%d1%80%d0%ba-%d0%be%d1%82%d0%b5%d0%bb%d1%8c-%d0%bf%d0%b8%d1%80%d0%b8%d0%bd-%d1%81%d0%b0%d0%bd%d0%b4%d0%b0%d0%bd%d1%81%d0%ba%d0%b8/,https://makler-realty.ru/listing/%d0%ba%d0%b2%d0%b0%d1%80%d1%82%d0%b8%d1%80%d0%b0-%d0%bf%d0%b0%d1%80%d0%ba-%d0%be%d1%82%d0%b5%d0%bb%d1%8c-%d0%bf%d0%b8%d1%80%d0%b8%d0%bd-%d1%81%d0%b0%d0%bd%d0%b4%d0%b0%d0%bd%d1%81%d0%ba%d0%b8/,200_candidate,Default preservation candidate; verify equivalent migrated content before launch.,listing,makler-realty.ru
https://makler-realty.ru/listing/%d0%be%d1%82%d0%b5%d0%bb%d1%8c-%d1%81-%d1%80%d0%b5%d1%81%d1%82%d0%be%d1%80%d0%b0%d0%bd%d0%be%d0%bc-%d0%b2-%d0%b3-%d1%81%d0%b0%d0%bd%d0%b4%d0%b0%d0%bd%d1%81%d0%ba%d0%b8/,https://makler-realty.ru/listing/%d0%be%d1%82%d0%b5%d0%bb%d1%8c-%d1%81-%d1%80%d0%b5%d1%81%d1%82%d0%be%d1%80%d0%b0%d0%bd%d0%be%d0%bc-%d0%b2-%d0%b3-%d1%81%d0%b0%d0%bd%d0%b4%d0%b0%d0%bd%d1%81%d0%ba%d0%b8/,200_candidate,Default preservation candidate; verify equivalent migrated content before launch.,listing,makler-realty.ru
https://makler-realty.ru/listing/%d0%be%d1%84%d0%b8%d1%81-%d0%bd%d0%b0-%d0%bf%d1%80%d0%be%d0%b4%d0%b0%d0%b6%d1%83-%d0%b2-%d1%81%d0%b0%d0%bd%d0%b4%d0%b0%d0%bd%d1%81%d0%ba%d0%b8/,https://makler-realty.ru/listing/%d0%be%d1%84%d0%b8%d1%81-%d0%bd%d0%b0-%d0%bf%d1%80%d0%be%d0%b4%d0%b0%d0%b6%d1%83-%d0%b2-%d1%81%d0%b0%d0%bd%d0%b4%d0%b0%d0%bd%d1%81%d0%ba%d0%b8/,200_candidate,Default preservation candidate; verify equivalent migrated content before launch.,listing,makler-realty.ru
https://makler-realty.ru/listing/%d0%bf%d1%80%d0%be%d0%b4%d0%b0%d0%b5%d1%82%d1%81%d1%8f-%d0%be%d1%81%d0%be%d0%b1%d0%bd%d1%8f%d0%ba-%d0%b3%d0%be%d1%80%d0%be%d0%b4-%d1%81%d0%b0%d0%bd%d0%b4%d0%b0%d0%bd%d1%81%d0%ba%d0%b8/,https://makler-realty.ru/listing/%d0%bf%d1%80%d0%be%d0%b4%d0%b0%d0%b5%d1%82%d1%81%d1%8f-%d0%be%d1%81%d0%be%d0%b1%d0%bd%d1%8f%d0%ba-%d0%b3%d0%be%d1%80%d0%be%d0%b4-%d1%81%d0%b0%d0%bd%d0%b4%d0%b0%d0%bd%d1%81%d0%ba%d0%b8/,200_candidate,Default preservation candidate; verify equivalent migrated content before launch.,listing,makler-realty.ru
https://makler-realty.ru/listing/%d0%bf%d1%80%d0%be%d0%b4%d0%b0%d0%b5%d1%82%d1%81%d1%8f-%d0%bf%d1%80%d0%be%d0%b8%d0%b7%d0%b2%d0%be%d0%b4%d1%81%d1%82%d0%b2%d0%b5%d0%bd%d0%bd%d0%be%d0%b5-%d0%b7%d0%b4%d0%b0%d0%bd%d0%b8%d0%b5/,https://makler-realty.ru/listing/%d0%bf%d1%80%d0%be%d0%b4%d0%b0%d0%b5%d1%82%d1%81%d1%8f-%d0%bf%d1%80%d0%be%d0%b8%d0%b7%d0%b2%d0%be%d0%b4%d1%81%d1%82%d0%b2%d0%b5%d0%bd%d0%bd%d0%be%d0%b5-%d0%b7%d0%b4%d0%b0%d0%bd%d0%b8%d0%b5/,200_candidate,Default preservation candidate; verify equivalent migrated content before launch.,listing,makler-realty.ru
https://makler-realty.ru/listing/%d0%bf%d1%80%d0%be%d0%b4%d0%b0%d0%b5%d1%82%d1%81%d1%8f-%d1%8d%d0%bb%d0%b8%d1%82%d0%bd%d1%8b%d0%b9-%d0%b4%d0%be%d0%bc-%d0%b2-%d1%81%d0%b0%d0%bd%d0%b4%d0%b0%d0%bd%d1%81%d0%ba%d0%b8-%d1%80%d1%8f%d0%b4/,https://makler-realty.ru/listing/%d0%bf%d1%80%d0%be%d0%b4%d0%b0%d0%b5%d1%82%d1%81%d1%8f-%d1%8d%d0%bb%d0%b8%d1%82%d0%bd%d1%8b%d0%b9-%d0%b4%d0%be%d0%bc-%d0%b2-%d1%81%d0%b0%d0%bd%d0%b4%d0%b0%d0%bd%d1%81%d0%ba%d0%b8-%d1%80%d1%8f%d0%b4/,200_candidate,Default preservation candidate; verify equivalent migrated content before launch.,listing,makler-realty.ru
https://makler-realty.ru/listing/%d0%bf%d1%80%d0%be%d0%b4%d0%b0%d0%b6%d0%b0-%d0%b1%d0%be%d0%bb%d1%8c%d1%88%d0%be%d0%b3%d0%be-%d0%b4%d0%be%d0%bc%d0%b0-%d1%81%d0%b0%d0%bd%d0%b4%d0%b0%d0%bd%d1%81%d0%ba%d0%b8/,https://makler-realty.ru/listing/%d0%bf%d1%80%d0%be%d0%b4%d0%b0%d0%b6%d0%b0-%d0%b1%d0%be%d0%bb%d1%8c%d1%88%d0%be%d0%b3%d0%be-%d0%b4%d0%be%d0%bc%d0%b0-%d1%81%d0%b0%d0%bd%d0%b4%d0%b0%d0%bd%d1%81%d0%ba%d0%b8/,200_candidate,Default preservation candidate; verify equivalent migrated content before launch.,listing,makler-realty.ru
https://makler-realty.ru/listing/%d0%bf%d1%80%d0%be%d0%b4%d0%b0%d0%b6%d0%b0-%d0%b1%d0%be%d0%bb%d1%8c%d1%88%d0%be%d0%b3%d0%be-%d0%bf%d0%b0%d0%bd%d0%be%d1%80%d0%b0%d0%bc%d0%bd%d0%be%d0%b3%d0%be-%d1%83%d1%87%d0%b0%d1%81%d1%82%d0%ba/,https://makler-realty.ru/listing/%d0%bf%d1%80%d0%be%d0%b4%d0%b0%d0%b6%d0%b0-%d0%b1%d0%be%d0%bb%d1%8c%d1%88%d0%be%d0%b3%d0%be-%d0%bf%d0%b0%d0%bd%d0%be%d1%80%d0%b0%d0%bc%d0%bd%d0%be%d0%b3%d0%be-%d1%83%d1%87%d0%b0%d1%81%d1%82%d0%ba/,200_candidate,Default preservation candidate; verify equivalent migrated content before launch.,listing,makler-realty.ru
https://makler-realty.ru/listing/%d0%bf%d1%80%d0%be%d0%b4%d0%b0%d0%b6%d0%b0-%d0%b1%d0%be%d0%bb%d1%8c%d1%88%d0%be%d0%b3%d0%be-%d1%83%d1%87%d0%b0%d1%81%d1%82%d0%ba%d0%b0-%d1%80%d1%8f%d0%b4%d0%be%d0%bc-%d1%81-%d0%bc%d0%b8%d0%bd-%d0%b2/,https://makler-realty.ru/listing/%d0%bf%d1%80%d0%be%d0%b4%d0%b0%d0%b6%d0%b0-%d0%b1%d0%be%d0%bb%d1%8c%d1%88%d0%be%d0%b3%d0%be-%d1%83%d1%87%d0%b0%d1%81%d1%82%d0%ba%d0%b0-%d1%80%d1%8f%d0%b4%d0%be%d0%bc-%d1%81-%d0%bc%d0%b8%d0%bd-%d0%b2/,200_candidate,Default preservation candidate; verify equivalent migrated content before launch.,listing,makler-realty.ru
https://makler-realty.ru/listing/%d0%bf%d1%80%d0%be%d0%b4%d0%b0%d0%b6%d0%b0-%d0%b2%d0%b8%d0%bd%d0%be%d0%b3%d1%80%d0%b0%d0%b4%d0%bd%d0%b8%d0%ba-%d1%81%d0%b0%d0%bd%d0%b4%d0%b0%d0%bd%d1%81%d0%ba%d0%b8-%d0%bc%d0%b5%d1%80%d0%bb%d0%be/,https://makler-realty.ru/listing/%d0%bf%d1%80%d0%be%d0%b4%d0%b0%d0%b6%d0%b0-%d0%b2%d0%b8%d0%bd%d0%be%d0%b3%d1%80%d0%b0%d0%b4%d0%bd%d0%b8%d0%ba-%d1%81%d0%b0%d0%bd%d0%b4%d0%b0%d0%bd%d1%81%d0%ba%d0%b8-%d0%bc%d0%b5%d1%80%d0%bb%d0%be/,200_candidate,Default preservation candidate; verify equivalent migrated content before launch.,listing,makler-realty.ru
https://makler-realty.ru/listing/%d0%bf%d1%80%d0%be%d0%b4%d0%b0%d0%b6%d0%b0-%d0%b4%d0%be%d0%bc%d0%b0-%d0%b2-%d0%b2%d0%b8%d0%bd%d0%be%d0%b3%d1%80%d0%b0%d0%b4%d0%b8-%d0%bc%d0%b5%d0%bb%d0%bd%d0%b8%d0%ba/,https://makler-realty.ru/listing/%d0%bf%d1%80%d0%be%d0%b4%d0%b0%d0%b6%d0%b0-%d0%b4%d0%be%d0%bc%d0%b0-%d0%b2-%d0%b2%d0%b8%d0%bd%d0%be%d0%b3%d1%80%d0%b0%d0%b4%d0%b8-%d0%bc%d0%b5%d0%bb%d0%bd%d0%b8%d0%ba/,200_candidate,Default preservation candidate; verify equivalent migrated content before launch.,listing,makler-realty.ru
https://makler-realty.ru/listing/%d0%bf%d1%80%d0%be%d0%b4%d0%b0%d0%b6%d0%b0-%d0%b4%d0%be%d0%bc%d0%b0-%d0%b2-%d1%81%d0%b0%d0%bd%d0%b4%d0%b0%d0%bd%d1%81%d0%ba%d0%b8-4/,https://makler-realty.ru/listing/%d0%bf%d1%80%d0%be%d0%b4%d0%b0%d0%b6%d0%b0-%d0%b4%d0%be%d0%bc%d0%b0-%d0%b2-%d1%81%d0%b0%d0%bd%d0%b4%d0%b0%d0%bd%d1%81%d0%ba%d0%b8-4/,200_candidate,Default preservation candidate; verify equivalent migrated content before launch.,listing,makler-realty.ru
https://makler-realty.ru/listing/%d0%bf%d1%80%d0%be%d0%b4%d0%b0%d0%b6%d0%b0-%d0%b4%d0%be%d0%bc%d0%b0-%d0%b2-%d1%86%d0%b5%d0%bd%d1%82%d1%80%d0%b5-%d0%b3-%d1%81%d0%b0%d0%bd%d0%b4%d0%b0%d0%bd%d1%81%d0%ba%d0%b8/,https://makler-realty.ru/listing/%d0%bf%d1%80%d0%be%d0%b4%d0%b0%d0%b6%d0%b0-%d0%b4%d0%be%d0%bc%d0%b0-%d0%b2-%d1%86%d0%b5%d0%bd%d1%82%d1%80%d0%b5-%d0%b3-%d1%81%d0%b0%d0%bd%d0%b4%d0%b0%d0%bd%d1%81%d0%ba%d0%b8/,200_candidate,Default preservation candidate; verify equivalent migrated content before launch.,listing,makler-realty.ru
https://makler-realty.ru/listing/%d0%bf%d1%80%d0%be%d0%b4%d0%b0%d0%b6%d0%b0-%d0%b4%d0%be%d0%bc%d0%b0-%d1%81%d0%b0%d0%bd%d0%b4%d0%b0%d0%bd%d1%81%d0%ba%d0%b8/,https://makler-realty.ru/listing/%d0%bf%d1%80%d0%be%d0%b4%d0%b0%d0%b6%d0%b0-%d0%b4%d0%be%d0%bc%d0%b0-%d1%81%d0%b0%d0%bd%d0%b4%d0%b0%d0%bd%d1%81%d0%ba%d0%b8/,200_candidate,Default preservation candidate; verify equivalent migrated content before launch.,listing,makler-realty.ru
https://makler-realty.ru/listing/%d0%bf%d1%80%d0%be%d0%b4%d0%b0%d0%b6%d0%b0-%d0%b4%d0%be%d0%bc%d0%b0-%d1%81-%d0%b2-%d0%b3%d0%be%d1%80%d0%be%d0%b4%d0%b5-%d1%81%d0%b0%d0%bd%d0%b4%d0%b0%d0%bd%d1%81%d0%ba%d0%b8/,https://makler-realty.ru/listing/%d0%bf%d1%80%d0%be%d0%b4%d0%b0%d0%b6%d0%b0-%d0%b4%d0%be%d0%bc%d0%b0-%d1%81-%d0%b2-%d0%b3%d0%be%d1%80%d0%be%d0%b4%d0%b5-%d1%81%d0%b0%d0%bd%d0%b4%d0%b0%d0%bd%d1%81%d0%ba%d0%b8/,200_candidate,Default preservation candidate; verify equivalent migrated content before launch.,listing,makler-realty.ru
https://makler-realty.ru/listing/%d0%bf%d1%80%d0%be%d0%b4%d0%b0%d0%b6%d0%b0-%d0%ba%d0%b2%d0%b0%d1%80%d1%82%d0%b8%d1%80%d1%8b-%d0%bf%d0%b0%d1%80%d0%ba-%d0%be%d1%82%d0%b5%d0%bb%d1%8c-%d0%bf%d0%b8%d1%80%d0%b8%d0%bd/,https://makler-realty.ru/listing/%d0%bf%d1%80%d0%be%d0%b4%d0%b0%d0%b6%d0%b0-%d0%ba%d0%b2%d0%b0%d1%80%d1%82%d0%b8%d1%80%d1%8b-%d0%bf%d0%b0%d1%80%d0%ba-%d0%be%d1%82%d0%b5%d0%bb%d1%8c-%d0%bf%d0%b8%d1%80%d0%b8%d0%bd/,200_candidate,Default preservation candidate; verify equivalent migrated content before launch.,listing,makler-realty.ru
https://makler-realty.ru/listing/%d0%bf%d1%80%d0%be%d0%b4%d0%b0%d0%b6%d0%b0-%d0%bc%d0%b5%d0%b1%d0%bb%d0%b8%d1%80%d0%be%d0%b2%d0%b0%d0%bd%d0%bd%d0%be%d0%b9-%d1%81%d1%82%d1%83%d0%b4%d0%b8%d0%b8-%d0%b2-%d0%b6%d0%b8%d0%bb%d0%be%d0%bc/,https://makler-realty.ru/listing/%d0%bf%d1%80%d0%be%d0%b4%d0%b0%d0%b6%d0%b0-%d0%bc%d0%b5%d0%b1%d0%bb%d0%b8%d1%80%d0%be%d0%b2%d0%b0%d0%bd%d0%bd%d0%be%d0%b9-%d1%81%d1%82%d1%83%d0%b4%d0%b8%d0%b8-%d0%b2-%d0%b6%d0%b8%d0%bb%d0%be%d0%bc/,200_candidate,Default preservation candidate; verify equivalent migrated content before launch.,listing,makler-realty.ru
https://makler-realty.ru/listing/%d0%bf%d1%80%d0%be%d0%b4%d0%b0%d0%b6%d0%b0-%d0%bd%d0%b5%d0%b4%d0%b2%d0%b8%d0%b6%d0%b8%d0%bc%d0%be%d1%81%d1%82%d0%b8-%d0%b2-%d0%bb%d0%b5%d0%b2%d1%83%d0%bd%d0%be%d0%b2%d0%be/,https://makler-realty.ru/listing/%d0%bf%d1%80%d0%be%d0%b4%d0%b0%d0%b6%d0%b0-%d0%bd%d0%b5%d0%b4%d0%b2%d0%b8%d0%b6%d0%b8%d0%bc%d0%be%d1%81%d1%82%d0%b8-%d0%b2-%d0%bb%d0%b5%d0%b2%d1%83%d0%bd%d0%be%d0%b2%d0%be/,200_candidate,Default preservation candidate; verify equivalent migrated content before launch.,listing,makler-realty.ru
https://makler-realty.ru/listing/%d0%bf%d1%80%d0%be%d0%b4%d0%b0%d0%b6%d0%b0-%d0%bd%d0%b5%d0%b4%d0%b2%d0%b8%d0%b6%d0%b8%d0%bc%d0%be%d1%81%d1%82%d0%b8-%d0%b2-%d1%81%d0%b5%d0%bb%d0%b5-%d0%bb%d0%b0%d1%81%d0%ba%d0%b0%d1%80%d0%b5%d0%b2/,https://makler-realty.ru/listing/%d0%bf%d1%80%d0%be%d0%b4%d0%b0%d0%b6%d0%b0-%d0%bd%d0%b5%d0%b4%d0%b2%d0%b8%d0%b6%d0%b8%d0%bc%d0%be%d1%81%d1%82%d0%b8-%d0%b2-%d1%81%d0%b5%d0%bb%d0%b5-%d0%bb%d0%b0%d1%81%d0%ba%d0%b0%d1%80%d0%b5%d0%b2/,200_candidate,Default preservation candidate; verify equivalent migrated content before launch.,listing,makler-realty.ru
https://makler-realty.ru/listing/%d0%bf%d1%80%d0%be%d0%b4%d0%b0%d0%b6%d0%b0-%d0%bd%d0%be%d0%b2%d0%be%d1%81%d1%82%d1%80%d0%be%d0%b9%d0%ba%d0%b8-%d0%b2-%d1%81%d0%b0%d0%bd%d0%b4%d0%b0%d0%bd%d1%81%d0%ba%d0%b8/,https://makler-realty.ru/listing/%d0%bf%d1%80%d0%be%d0%b4%d0%b0%d0%b6%d0%b0-%d0%bd%d0%be%d0%b2%d0%be%d1%81%d1%82%d1%80%d0%be%d0%b9%d0%ba%d0%b8-%d0%b2-%d1%81%d0%b0%d0%bd%d0%b4%d0%b0%d0%bd%d1%81%d0%ba%d0%b8/,200_candidate,Default preservation candidate; verify equivalent migrated content before launch.,listing,makler-realty.ru
https://makler-realty.ru/listing/%d0%bf%d1%80%d0%be%d0%b4%d0%b0%d0%b6%d0%b0-%d0%bf%d1%80%d0%be%d0%b8%d0%b7%d0%b2%d0%be%d0%b4%d1%81%d1%82%d0%b2%d0%b5%d0%bd%d0%bd%d0%be%d0%b9-%d0%b1%d0%b0%d0%b7%d1%8b-%d0%be%d0%ba%d0%be%d0%bb%d0%be/,https://makler-realty.ru/listing/%d0%bf%d1%80%d0%be%d0%b4%d0%b0%d0%b6%d0%b0-%d0%bf%d1%80%d0%be%d0%b8%d0%b7%d0%b2%d0%be%d0%b4%d1%81%d1%82%d0%b2%d0%b5%d0%bd%d0%bd%d0%be%d0%b9-%d0%b1%d0%b0%d0%b7%d1%8b-%d0%be%d0%ba%d0%be%d0%bb%d0%be/,200_candidate,Default preservation candidate; verify equivalent migrated content before launch.,listing,makler-realty.ru
https://makler-realty.ru/listing/%d0%bf%d1%80%d0%be%d0%b4%d0%b0%d0%b6%d0%b0-%d1%81%d0%bf%d0%b0-%d0%be%d1%82%d0%b5%d0%bb%d1%8f-%d0%b2-%d0%b3-%d1%81%d0%b0%d0%bd%d0%b4%d0%b0%d0%bd%d1%81%d0%ba%d0%b8/,https://makler-realty.ru/listing/%d0%bf%d1%80%d0%be%d0%b4%d0%b0%d0%b6%d0%b0-%d1%81%d0%bf%d0%b0-%d0%be%d1%82%d0%b5%d0%bb%d1%8f-%d0%b2-%d0%b3-%d1%81%d0%b0%d0%bd%d0%b4%d0%b0%d0%bd%d1%81%d0%ba%d0%b8/,200_candidate,Default preservation candidate; verify equivalent migrated content before launch.,listing,makler-realty.ru
https://makler-realty.ru/listing/%d0%bf%d1%80%d0%be%d0%b4%d0%b0%d0%b6%d0%b0-%d1%83%d1%87%d0%b0%d1%81%d1%82%d0%ba%d0%b0-%d0%b2-%d0%bf%d0%be%d1%81%d0%b5%d0%bb%d0%ba%d0%b5-%d0%b4%d0%b5%d1%80%d0%b1%d0%b5%d1%80%d0%b5-%d1%81%d0%b0%d0%bd/,https://makler-realty.ru/listing/%d0%bf%d1%80%d0%be%d0%b4%d0%b0%d0%b6%d0%b0-%d1%83%d1%87%d0%b0%d1%81%d1%82%d0%ba%d0%b0-%d0%b2-%d0%bf%d0%be%d1%81%d0%b5%d0%bb%d0%ba%d0%b5-%d0%b4%d0%b5%d1%80%d0%b1%d0%b5%d1%80%d0%b5-%d1%81%d0%b0%d0%bd/,200_candidate,Default preservation candidate; verify equivalent migrated content before launch.,listing,makler-realty.ru
https://makler-realty.ru/listing/%d0%bf%d1%80%d0%be%d0%b4%d0%b0%d0%b6%d0%b0-%d1%83%d1%87%d0%b0%d1%81%d1%82%d0%ba%d0%b0-%d0%bb%d0%b8%d0%bb%d1%8f%d0%bd%d0%be%d0%b2%d0%be-%d1%81%d0%b0%d0%bd%d0%b4%d0%b0%d0%bd%d1%81%d0%ba%d0%b8/,https://makler-realty.ru/listing/%d0%bf%d1%80%d0%be%d0%b4%d0%b0%d0%b6%d0%b0-%d1%83%d1%87%d0%b0%d1%81%d1%82%d0%ba%d0%b0-%d0%bb%d0%b8%d0%bb%d1%8f%d0%bd%d0%be%d0%b2%d0%be-%d1%81%d0%b0%d0%bd%d0%b4%d0%b0%d0%bd%d1%81%d0%ba%d0%b8/,200_candidate,Default preservation candidate; verify equivalent migrated content before launch.,listing,makler-realty.ru
https://makler-realty.ru/listing/%d0%bf%d1%80%d0%be%d0%b4%d0%b0%d0%b6%d0%b0-%d1%83%d1%87%d0%b0%d1%81%d1%82%d0%ba%d0%b0-%d0%bd%d0%b0-%d0%bc%d0%b5%d0%b6%d0%b4%d1%83%d0%bd%d0%b0%d1%80%d0%be%d0%b4%d0%bd%d0%be%d0%b9-%d1%82%d1%80%d0%b0/,https://makler-realty.ru/listing/%d0%bf%d1%80%d0%be%d0%b4%d0%b0%d0%b6%d0%b0-%d1%83%d1%87%d0%b0%d1%81%d1%82%d0%ba%d0%b0-%d0%bd%d0%b0-%d0%bc%d0%b5%d0%b6%d0%b4%d1%83%d0%bd%d0%b0%d1%80%d0%be%d0%b4%d0%bd%d0%be%d0%b9-%d1%82%d1%80%d0%b0/,200_candidate,Default preservation candidate; verify equivalent migrated content before launch.,listing,makler-realty.ru
https://makler-realty.ru/listing/%d0%bf%d1%80%d0%be%d0%b4%d0%b0%d0%b6%d0%b0-%d1%83%d1%87%d0%b0%d1%81%d1%82%d0%ba%d0%b0-%d1%81-%d0%b2%d0%b8%d0%b4%d0%be%d0%bc-%d0%bd%d0%b0-%d1%81%d0%b0%d0%bd%d0%b4%d0%b0%d0%bd%d1%81%d0%ba%d0%b8/,https://makler-realty.ru/listing/%d0%bf%d1%80%d0%be%d0%b4%d0%b0%d0%b6%d0%b0-%d1%83%d1%87%d0%b0%d1%81%d1%82%d0%ba%d0%b0-%d1%81-%d0%b2%d0%b8%d0%b4%d0%be%d0%bc-%d0%bd%d0%b0-%d1%81%d0%b0%d0%bd%d0%b4%d0%b0%d0%bd%d1%81%d0%ba%d0%b8/,200_candidate,Default preservation candidate; verify equivalent migrated content before launch.,listing,makler-realty.ru
https://makler-realty.ru/listing/%d0%bf%d1%80%d0%be%d0%b4%d0%b0%d0%b6%d0%b0-%d1%83%d1%87%d0%b0%d1%81%d1%82%d0%ba%d0%b0-2-%d0%b3%d0%ba%d0%b0-%d0%b2-%d1%80%d0%b0%d0%b9%d0%be%d0%bd%d0%b5-%d0%b3-%d1%81%d0%b0%d0%bd%d0%b4%d0%b0%d0%bd%d1%81/,https://makler-realty.ru/listing/%d0%bf%d1%80%d0%be%d0%b4%d0%b0%d0%b6%d0%b0-%d1%83%d1%87%d0%b0%d1%81%d1%82%d0%ba%d0%b0-2-%d0%b3%d0%ba%d0%b0-%d0%b2-%d1%80%d0%b0%d0%b9%d0%be%d0%bd%d0%b5-%d0%b3-%d1%81%d0%b0%d0%bd%d0%b4%d0%b0%d0%bd%d1%81/,200_candidate,Default preservation candidate; verify equivalent migrated content before launch.,listing,makler-realty.ru
https://makler-realty.ru/listing/%d1%80%d0%b5%d1%81%d1%82%d0%be%d1%80%d0%b0%d0%bd-%d1%81-%d0%be%d1%82%d0%b5%d0%bb%d0%b5%d0%bc-%d0%b2-%d0%b3-%d1%81%d0%b0%d0%bd%d0%b4%d0%b0%d0%bd%d1%81%d0%ba%d0%b8/,https://makler-realty.ru/listing/%d1%80%d0%b5%d1%81%d1%82%d0%be%d1%80%d0%b0%d0%bd-%d1%81-%d0%be%d1%82%d0%b5%d0%bb%d0%b5%d0%bc-%d0%b2-%d0%b3-%d1%81%d0%b0%d0%bd%d0%b4%d0%b0%d0%bd%d1%81%d0%ba%d0%b8/,200_candidate,Default preservation candidate; verify equivalent migrated content before launch.,listing,makler-realty.ru
https://makler-realty.ru/listing/%d1%81%d0%b4%d0%b0%d0%b5%d1%82%d1%81%d1%8f-%d0%b0%d0%bf%d0%b0%d1%80%d1%82%d0%b0%d0%bc%d0%b5%d0%bd%d1%82-%d0%b2-%d1%86%d0%b5%d0%bd%d1%82%d1%80%d0%b5-%d0%b3%d0%be%d1%80%d0%be%d0%b4%d0%b0-%d1%81%d0%b0-2/,https://makler-realty.ru/listing/%d1%81%d0%b4%d0%b0%d0%b5%d1%82%d1%81%d1%8f-%d0%b0%d0%bf%d0%b0%d1%80%d1%82%d0%b0%d0%bc%d0%b5%d0%bd%d1%82-%d0%b2-%d1%86%d0%b5%d0%bd%d1%82%d1%80%d0%b5-%d0%b3%d0%be%d1%80%d0%be%d0%b4%d0%b0-%d1%81%d0%b0-2/,200_candidate,Default preservation candidate; verify equivalent migrated content before launch.,listing,makler-realty.ru
https://makler-realty.ru/listing/%d1%81%d0%b4%d0%b0%d0%b5%d1%82%d1%81%d1%8f-%d0%b4%d0%be%d0%bc-%d0%b2-%d1%81%d0%b5%d0%bb%d0%b5-%d0%b2%d0%b8%d0%bd%d0%be%d0%b3%d1%80%d0%b0%d0%b4%d0%b8-%d0%bc%d0%b5%d0%bb%d0%bd%d0%b8%d0%ba/,https://makler-realty.ru/listing/%d1%81%d0%b4%d0%b0%d0%b5%d1%82%d1%81%d1%8f-%d0%b4%d0%be%d0%bc-%d0%b2-%d1%81%d0%b5%d0%bb%d0%b5-%d0%b2%d0%b8%d0%bd%d0%be%d0%b3%d1%80%d0%b0%d0%b4%d0%b8-%d0%bc%d0%b5%d0%bb%d0%bd%d0%b8%d0%ba/,200_candidate,Default preservation candidate; verify equivalent migrated content before launch.,listing,makler-realty.ru
https://makler-realty.ru/listing/%d1%81%d0%b4%d0%b0%d0%b5%d1%82%d1%81%d1%8f-%d0%bf%d1%80%d0%be%d0%b8%d0%b7%d0%b2%d0%be%d0%b4%d1%81%d1%82%d0%b2%d0%b5%d0%bd%d0%bd%d0%be%d0%b5-%d0%bf%d0%be%d0%bc%d0%b5%d1%89%d0%b5%d0%bd%d0%b8%d0%b5/,https://makler-realty.ru/listing/%d1%81%d0%b4%d0%b0%d0%b5%d1%82%d1%81%d1%8f-%d0%bf%d1%80%d0%be%d0%b8%d0%b7%d0%b2%d0%be%d0%b4%d1%81%d1%82%d0%b2%d0%b5%d0%bd%d0%bd%d0%be%d0%b5-%d0%bf%d0%be%d0%bc%d0%b5%d1%89%d0%b5%d0%bd%d0%b8%d0%b5/,200_candidate,Default preservation candidate; verify equivalent migrated content before launch.,listing,makler-realty.ru
https://makler-realty.ru/listing/%d1%81%d0%b5%d0%bb%d1%8c%d1%85%d0%be%d0%b7-%d0%b7%d0%b5%d0%bc%d0%bb%d1%8f-%d0%b2-%d1%80%d0%b0%d0%b9%d0%be%d0%bd%d0%b5-%d0%b4%d0%b5%d1%80%d0%b5%d0%b2%d0%bd%d0%b8-%d0%bb%d0%b5%d1%88%d0%bd%d0%b8%d1%86/,https://makler-realty.ru/listing/%d1%81%d0%b5%d0%bb%d1%8c%d1%85%d0%be%d0%b7-%d0%b7%d0%b5%d0%bc%d0%bb%d1%8f-%d0%b2-%d1%80%d0%b0%d0%b9%d0%be%d0%bd%d0%b5-%d0%b4%d0%b5%d1%80%d0%b5%d0%b2%d0%bd%d0%b8-%d0%bb%d0%b5%d1%88%d0%bd%d0%b8%d1%86/,200_candidate,Default preservation candidate; verify equivalent migrated content before launch.,listing,makler-realty.ru
https://makler-realty.ru/listing/%d1%82%d0%b5%d0%bf%d0%bb%d0%b8%d1%86%d0%b0-%d0%b2-%d0%b3%d0%be%d1%80%d0%be%d0%b4%d0%b5-%d1%81%d0%b0%d0%bd%d0%b4%d0%b0%d0%bd%d1%81%d0%ba%d0%b8/,https://makler-realty.ru/listing/%d1%82%d0%b5%d0%bf%d0%bb%d0%b8%d1%86%d0%b0-%d0%b2-%d0%b3%d0%be%d1%80%d0%be%d0%b4%d0%b5-%d1%81%d0%b0%d0%bd%d0%b4%d0%b0%d0%bd%d1%81%d0%ba%d0%b8/,200_candidate,Default preservation candidate; verify equivalent migrated content before launch.,listing,makler-realty.ru
https://makler-realty.ru/listing/%d1%83%d1%87%d0%b0%d1%81%d1%82%d0%be%d0%ba-%d0%b2-%d0%bf%d0%be%d1%81%d0%b5%d0%bb%d0%ba%d0%b5-%d0%bb%d0%b5%d1%88%d0%bd%d0%b8%d1%86%d0%b0-%d1%80%d0%b0%d0%b9%d0%be%d0%bd-%d0%b3%d0%be%d1%80/,https://makler-realty.ru/listing/%d1%83%d1%87%d0%b0%d1%81%d1%82%d0%be%d0%ba-%d0%b2-%d0%bf%d0%be%d1%81%d0%b5%d0%bb%d0%ba%d0%b5-%d0%bb%d0%b5%d1%88%d0%bd%d0%b8%d1%86%d0%b0-%d1%80%d0%b0%d0%b9%d0%be%d0%bd-%d0%b3%d0%be%d1%80/,200_candidate,Default preservation candidate; verify equivalent migrated content before launch.,listing,makler-realty.ru
https://makler-realty.ru/listing/%d1%83%d1%87%d0%b0%d1%81%d1%82%d0%be%d0%ba-%d0%b2-%d0%bf%d0%be%d1%81%d0%b5%d0%bb%d0%ba%d0%b5-%d1%81%d1%82%d1%80%d1%83%d0%bc%d1%8f%d0%bd%d0%b8/,https://makler-realty.ru/listing/%d1%83%d1%87%d0%b0%d1%81%d1%82%d0%be%d0%ba-%d0%b2-%d0%bf%d0%be%d1%81%d0%b5%d0%bb%d0%ba%d0%b5-%d1%81%d1%82%d1%80%d1%83%d0%bc%d1%8f%d0%bd%d0%b8/,200_candidate,Default preservation candidate; verify equivalent migrated content before launch.,listing,makler-realty.ru
https://makler-realty.ru/listing/%d1%83%d1%87%d0%b0%d1%81%d1%82%d0%be%d0%ba-%d0%bd%d0%b5%d0%b4%d0%b2%d0%b8%d0%b6%d0%b8%d0%bc%d0%be%d1%81%d1%82%d1%8c-%d1%81%d0%b0%d0%bd%d0%b4%d0%b0%d0%bd%d1%81%d0%ba%d0%b8/,https://makler-realty.ru/listing/%d1%83%d1%87%d0%b0%d1%81%d1%82%d0%be%d0%ba-%d0%bd%d0%b5%d0%b4%d0%b2%d0%b8%d0%b6%d0%b8%d0%bc%d0%be%d1%81%d1%82%d1%8c-%d1%81%d0%b0%d0%bd%d0%b4%d0%b0%d0%bd%d1%81%d0%ba%d0%b8/,200_candidate,Default preservation candidate; verify equivalent migrated content before launch.,listing,makler-realty.ru
https://makler-realty.ru/listing/%d1%83%d1%87%d0%b0%d1%81%d1%82%d0%be%d0%ba-%d0%bf%d0%be%d0%b4-%d0%b7%d0%b0%d1%81%d1%82%d1%80%d0%be%d0%b9%d0%ba%d1%83-%d0%b2-%d1%81%d0%b0%d0%bd%d0%b4%d0%b0%d0%bd%d1%81%d0%ba%d0%b8/,https://makler-realty.ru/listing/%d1%83%d1%87%d0%b0%d1%81%d1%82%d0%be%d0%ba-%d0%bf%d0%be%d0%b4-%d0%b7%d0%b0%d1%81%d1%82%d1%80%d0%be%d0%b9%d0%ba%d1%83-%d0%b2-%d1%81%d0%b0%d0%bd%d0%b4%d0%b0%d0%bd%d1%81%d0%ba%d0%b8/,200_candidate,Default preservation candidate; verify equivalent migrated content before launch.,listing,makler-realty.ru
https://makler-realty.ru/listing/%d1%83%d1%87%d0%b0%d1%81%d1%82%d0%be%d0%ba-%d0%bf%d0%be%d0%b4-%d0%b7%d0%b0%d1%81%d1%82%d1%80%d0%be%d0%b9%d0%ba%d1%83-%d0%bb%d0%b0%d1%81%d0%ba%d0%b0%d1%80%d0%b5%d0%b2%d0%be/,https://makler-realty.ru/listing/%d1%83%d1%87%d0%b0%d1%81%d1%82%d0%be%d0%ba-%d0%bf%d0%be%d0%b4-%d0%b7%d0%b0%d1%81%d1%82%d1%80%d0%be%d0%b9%d0%ba%d1%83-%d0%bb%d0%b0%d1%81%d0%ba%d0%b0%d1%80%d0%b5%d0%b2%d0%be/,200_candidate,Default preservation candidate; verify equivalent migrated content before launch.,listing,makler-realty.ru
https://makler-realty.ru/listing/%d1%83%d1%87%d0%b0%d1%81%d1%82%d0%be%d0%ba-%d0%bf%d0%be%d0%b4-%d1%81%d1%82%d1%80%d0%be%d0%b8%d1%82%d0%b5%d0%bb%d1%8c%d1%81%d1%82%d0%b2%d0%be-%d0%be%d1%82%d0%b5%d0%bb%d1%8f/,https://makler-realty.ru/listing/%d1%83%d1%87%d0%b0%d1%81%d1%82%d0%be%d0%ba-%d0%bf%d0%be%d0%b4-%d1%81%d1%82%d1%80%d0%be%d0%b8%d1%82%d0%b5%d0%bb%d1%8c%d1%81%d1%82%d0%b2%d0%be-%d0%be%d1%82%d0%b5%d0%bb%d1%8f/,200_candidate,Default preservation candidate; verify equivalent migrated content before launch.,listing,makler-realty.ru
https://makler-realty.ru/listing/%d1%83%d1%87%d0%b0%d1%81%d1%82%d0%be%d0%ba-%d0%bf%d0%be%d0%b4-%d1%81%d1%82%d1%80%d0%be%d0%b8%d1%82%d0%b5%d0%bb%d1%8c%d1%81%d1%82%d0%b2%d0%be-2/,https://makler-realty.ru/listing/%d1%83%d1%87%d0%b0%d1%81%d1%82%d0%be%d0%ba-%d0%bf%d0%be%d0%b4-%d1%81%d1%82%d1%80%d0%be%d0%b8%d1%82%d0%b5%d0%bb%d1%8c%d1%81%d1%82%d0%b2%d0%be-2/,200_candidate,Default preservation candidate; verify equivalent migrated content before launch.,listing,makler-realty.ru
https://makler-realty.ru/listing/%d1%86%d0%b5%d0%bd%d1%82%d1%80-%d0%bf%d1%80%d0%be%d1%84%d0%b8%d0%bb%d0%b0%d0%ba%d1%82%d0%b8%d0%ba%d0%b8-%d1%80%d0%b5%d0%b0%d0%b1%d0%b8%d0%bb%d0%b8%d1%82%d0%b0%d1%86%d0%b8%d0%b8-%d0%b8-%d0%ba%d0%be/,https://makler-realty.ru/listing/%d1%86%d0%b5%d0%bd%d1%82%d1%80-%d0%bf%d1%80%d0%be%d1%84%d0%b8%d0%bb%d0%b0%d0%ba%d1%82%d0%b8%d0%ba%d0%b8-%d1%80%d0%b5%d0%b0%d0%b1%d0%b8%d0%bb%d0%b8%d1%82%d0%b0%d1%86%d0%b8%d0%b8-%d0%b8-%d0%ba%d0%be/,200_candidate,Default preservation candidate; verify equivalent migrated content before launch.,listing,makler-realty.ru
https://makler-realty.ru/listing/%d1%8d%d1%82%d0%b0%d0%b6-%d0%b4%d0%be%d0%bc%d0%b0-%d1%81-%d0%b7%d0%b5%d0%bc%d0%b5%d0%bb%d1%8c%d0%bd%d1%8b%d0%bc-%d1%83%d1%87%d0%b0%d1%81%d1%82%d0%ba%d0%be%d0%bc-%d0%b2-%d1%81%d0%b5%d0%bb%d0%b5-%d0%bb/,https://makler-realty.ru/listing/%d1%8d%d1%82%d0%b0%d0%b6-%d0%b4%d0%be%d0%bc%d0%b0-%d1%81-%d0%b7%d0%b5%d0%bc%d0%b5%d0%bb%d1%8c%d0%bd%d1%8b%d0%bc-%d1%83%d1%87%d0%b0%d1%81%d1%82%d0%ba%d0%be%d0%bc-%d0%b2-%d1%81%d0%b5%d0%bb%d0%b5-%d0%bb/,200_candidate,Default preservation candidate; verify equivalent migrated content before launch.,listing,makler-realty.ru
https://makler-realty.ru/listing/%d1%8d%d1%82%d0%b0%d0%b6-%d0%b4%d0%be%d0%bc%d0%b0-%d1%81-%d1%83%d1%87%d0%b0%d1%81%d1%82%d0%ba%d0%be%d0%bc-%d0%b2-%d0%b3-%d1%81%d0%b0%d0%bd%d0%b4%d0%b0%d0%bd%d1%81%d0%ba%d0%b8-%d0%bf%d1%80%d0%be/,https://makler-realty.ru/listing/%d1%8d%d1%82%d0%b0%d0%b6-%d0%b4%d0%be%d0%bc%d0%b0-%d1%81-%d1%83%d1%87%d0%b0%d1%81%d1%82%d0%ba%d0%be%d0%bc-%d0%b2-%d0%b3-%d1%81%d0%b0%d0%bd%d0%b4%d0%b0%d0%bd%d1%81%d0%ba%d0%b8-%d0%bf%d1%80%d0%be/,200_candidate,Default preservation candidate; verify equivalent migrated content before launch.,listing,makler-realty.ru
https://makler-realty.ru/listing/a%d1%80%d0%b5%d0%bd%d0%b4%d0%b0-%d0%b4%d0%b2%d1%83%d1%85%d0%ba%d0%be%d0%bc%d0%bd%d0%b0%d1%82%d0%bd%d0%be%d0%b9-%d0%ba%d0%b2%d0%b0%d1%80%d1%82%d0%b8%d1%80%d1%8b-%d0%b2-%d0%b3-%d1%81%d0%b0%d0%bd%d0%b4/,https://makler-realty.ru/listing/a%d1%80%d0%b5%d0%bd%d0%b4%d0%b0-%d0%b4%d0%b2%d1%83%d1%85%d0%ba%d0%be%d0%bc%d0%bd%d0%b0%d1%82%d0%bd%d0%be%d0%b9-%d0%ba%d0%b2%d0%b0%d1%80%d1%82%d0%b8%d1%80%d1%8b-%d0%b2-%d0%b3-%d1%81%d0%b0%d0%bd%d0%b4/,200_candidate,Default preservation candidate; verify equivalent migrated content before launch.,listing,makler-realty.ru
https://makler-realty.ru/listing/arenda-dvuhkomnatnaia-kvartira-garazh-sandanski/,https://makler-realty.ru/listing/arenda-dvuhkomnatnaia-kvartira-garazh-sandanski/,200_candidate,Default preservation candidate; verify equivalent migrated content before launch.,listing,makler-realty.ru
https://makler-realty.ru/listing/paralia-ofrinio-kvartira/,https://makler-realty.ru/listing/paralia-ofrinio-kvartira/,200_candidate,Default preservation candidate; verify equivalent migrated content before launch.,listing,makler-realty.ru
https://makler-realty.ru/listing/uchastok-strumiani/,https://makler-realty.ru/listing/uchastok-strumiani/,200_candidate,Default preservation candidate; verify equivalent migrated content before launch.,listing,makler-realty.ru
https://makler-realty.ru/location/bulgaria/,https://makler-realty.ru/location/bulgaria/,200_candidate,Default preservation candidate; verify equivalent migrated content before launch.,taxonomy,makler-realty.ru
https://makler-realty.ru/location/greece-property/,https://makler-realty.ru/location/greece-property/,200_candidate,Default preservation candidate; verify equivalent migrated content before launch.,taxonomy,makler-realty.ru
https://makler-realty.ru/o-%d0%ba%d0%be%d0%bc%d0%bf%d0%b0%d0%bd%d0%b8%d0%b8/,https://makler-realty.ru/o-%d0%ba%d0%be%d0%bc%d0%bf%d0%b0%d0%bd%d0%b8%d0%b8/,200_candidate,Default preservation candidate; verify equivalent migrated content before launch.,page,makler-realty.ru
https://makler-realty.ru/prodat-nedvizhimost-v-bolgarii/,https://makler-realty.ru/prodat-nedvizhimost-v-bolgarii/,200_candidate,Default preservation candidate; verify equivalent migrated content before launch.,page,makler-realty.ru
https://makler-realty.ru/property/rent/,https://makler-realty.ru/property/rent/,200_candidate,Default preservation candidate; verify equivalent migrated content before launch.,taxonomy,makler-realty.ru
https://makler-realty.ru/property/sell/,https://makler-realty.ru/property/sell/,200_candidate,Default preservation candidate; verify equivalent migrated content before launch.,taxonomy,makler-realty.ru
https://makler-realty.ru/resort/%d0%bc%d0%be%d1%80%d1%81%d0%ba%d0%b8%d0%b5-%d0%ba%d1%83%d1%80%d0%be%d1%80%d1%82%d1%8b-%d0%b1%d0%be%d0%bb%d0%b3%d0%b0%d1%80%d0%b8%d0%b8/,https://makler-realty.ru/resort/%d0%bc%d0%be%d1%80%d1%81%d0%ba%d0%b8%d0%b5-%d0%ba%d1%83%d1%80%d0%be%d1%80%d1%82%d1%8b-%d0%b1%d0%be%d0%bb%d0%b3%d0%b0%d1%80%d0%b8%d0%b8/,200_candidate,Default preservation candidate; verify equivalent migrated content before launch.,taxonomy,makler-realty.ru
https://makler-realty.ru/resort/%d0%bd%d0%b5%d0%b4%d0%b2%d0%b8%d0%b6%d0%b8%d0%bc%d0%be%d1%81%d1%82%d1%8c-%d0%b2-%d0%b1%d0%b0%d0%bd%d1%81%d0%ba%d0%be/,https://makler-realty.ru/resort/%d0%bd%d0%b5%d0%b4%d0%b2%d0%b8%d0%b6%d0%b8%d0%bc%d0%be%d1%81%d1%82%d1%8c-%d0%b2-%d0%b1%d0%b0%d0%bd%d1%81%d0%ba%d0%be/,200_candidate,Default preservation candidate; verify equivalent migrated content before launch.,taxonomy,makler-realty.ru
https://makler-realty.ru/resort/%d0%bd%d0%b5%d0%b4%d0%b2%d0%b8%d0%b6%d0%b8%d0%bc%d0%be%d1%81%d1%82%d1%8c-%d0%b2-%d0%bc%d0%b5%d0%bb%d0%bd%d0%b8%d0%ba/,https://makler-realty.ru/resort/%d0%bd%d0%b5%d0%b4%d0%b2%d0%b8%d0%b6%d0%b8%d0%bc%d0%be%d1%81%d1%82%d1%8c-%d0%b2-%d0%bc%d0%b5%d0%bb%d0%bd%d0%b8%d0%ba/,200_candidate,Default preservation candidate; verify equivalent migrated content before launch.,taxonomy,makler-realty.ru
https://makler-realty.ru/resort/%d0%bd%d0%b5%d0%b4%d0%b2%d0%b8%d0%b6%d0%b8%d0%bc%d0%be%d1%81%d1%82%d1%8c-%d0%b2-%d1%81%d0%b0%d0%bd%d0%b4%d0%b0%d0%bd%d1%81%d0%ba%d0%b8/,https://makler-realty.ru/resort/%d0%bd%d0%b5%d0%b4%d0%b2%d0%b8%d0%b6%d0%b8%d0%bc%d0%be%d1%81%d1%82%d1%8c-%d0%b2-%d1%81%d0%b0%d0%bd%d0%b4%d0%b0%d0%bd%d1%81%d0%ba%d0%b8/,200_candidate,Default preservation candidate; verify equivalent migrated content before launch.,taxonomy,makler-realty.ru
https://makler-realty.ru/resort/%d0%bf%d0%b0%d1%80%d0%b0%d0%bb%d0%b8%d1%8f-%d0%be%d1%84%d1%80%d0%b8%d0%bd%d0%b8%d0%be/,https://makler-realty.ru/resort/%d0%bf%d0%b0%d1%80%d0%b0%d0%bb%d0%b8%d1%8f-%d0%be%d1%84%d1%80%d0%b8%d0%bd%d0%b8%d0%be/,200_candidate,Default preservation candidate; verify equivalent migrated content before launch.,taxonomy,makler-realty.ru
https://makler-realty.ru/resort/other/,https://makler-realty.ru/resort/other/,200_candidate,Default preservation candidate; verify equivalent migrated content before launch.,taxonomy,makler-realty.ru
https://makler-realty.ru/resort/skiing-resort/,https://makler-realty.ru/resort/skiing-resort/,200_candidate,Default preservation candidate; verify equivalent migrated content before launch.,taxonomy,makler-realty.ru
https://makler-realty.ru/resort/spa-resorts/,https://makler-realty.ru/resort/spa-resorts/,200_candidate,Default preservation candidate; verify equivalent migrated content before launch.,taxonomy,makler-realty.ru
https://makler-realty.ru/sandanski-%d1%81%d0%b0%d0%bd%d0%b4%d0%b0%d0%bd%d1%81%d0%ba%d0%b8/,https://makler-realty.ru/sandanski-%d1%81%d0%b0%d0%bd%d0%b4%d0%b0%d0%bd%d1%81%d0%ba%d0%b8/,200_candidate,Default preservation candidate; verify equivalent migrated content before launch.,post,makler-realty.ru
https://makler-realty.ru/search/,https://makler-realty.ru/search/,200_candidate,Default preservation candidate; verify equivalent migrated content before launch.,page,makler-realty.ru
https://makler-realty.ru/tag/%d0%ba%d1%83%d1%80%d1%8c%d0%b5%d1%80%d1%8b/,https://makler-realty.ru/tag/%d0%ba%d1%83%d1%80%d1%8c%d0%b5%d1%80%d1%8b/,200_candidate,Default preservation candidate; verify equivalent migrated content before launch.,taxonomy,makler-realty.ru
https://makler-realty.ru/tag/%d0%bb%d0%b5%d1%87%d0%b5%d0%bd%d0%b8%d0%b5/,https://makler-realty.ru/tag/%d0%bb%d0%b5%d1%87%d0%b5%d0%bd%d0%b8%d0%b5/,200_candidate,Default preservation candidate; verify equivalent migrated content before launch.,taxonomy,makler-realty.ru
https://makler-realty.ru/tag/%d0%bc%d0%b0%d0%ba%d0%b5%d0%b4%d0%be%d0%bd%d0%b8%d1%8f/,https://makler-realty.ru/tag/%d0%bc%d0%b0%d0%ba%d0%b5%d0%b4%d0%be%d0%bd%d0%b8%d1%8f/,200_candidate,Default preservation candidate; verify equivalent migrated content before launch.,taxonomy,makler-realty.ru
https://makler-realty.ru/tag/%d0%bd%d0%b5%d0%b4%d0%b2%d0%b8%d0%b6%d0%b8%d0%bc%d0%be%d1%81%d1%82%d1%8c/,https://makler-realty.ru/tag/%d0%bd%d0%b5%d0%b4%d0%b2%d0%b8%d0%b6%d0%b8%d0%bc%d0%be%d1%81%d1%82%d1%8c/,200_candidate,Default preservation candidate; verify equivalent migrated content before launch.,taxonomy,makler-realty.ru
https://makler-realty.ru/tag/%d1%80%d1%83%d1%81%d1%81%d0%ba%d0%b8%d0%b5/,https://makler-realty.ru/tag/%d1%80%d1%83%d1%81%d1%81%d0%ba%d0%b8%d0%b5/,200_candidate,Default preservation candidate; verify equivalent migrated content before launch.,taxonomy,makler-realty.ru
https://makler-realty.ru/tag/%d1%81%d0%b0%d0%bd%d0%b4%d0%b0%d0%bd%d1%81%d0%ba%d0%b8-2/,https://makler-realty.ru/tag/%d1%81%d0%b0%d0%bd%d0%b4%d0%b0%d0%bd%d1%81%d0%ba%d0%b8-2/,200_candidate,Default preservation candidate; verify equivalent migrated content before launch.,taxonomy,makler-realty.ru
https://makler-realty.ru/tag/657/,https://makler-realty.ru/tag/657/,200_candidate,Default preservation candidate; verify equivalent migrated content before launch.,taxonomy,makler-realty.ru
https://makler-realty.ru/tag/658/,https://makler-realty.ru/tag/658/,200_candidate,Default preservation candidate; verify equivalent migrated content before launch.,taxonomy,makler-realty.ru
https://makler-realty.ru/tag/659/,https://makler-realty.ru/tag/659/,200_candidate,Default preservation candidate; verify equivalent migrated content before launch.,taxonomy,makler-realty.ru
https://makler-realty.ru/type/%d0%bf%d1%80%d0%be%d0%b4%d0%b0%d0%bd/,https://makler-realty.ru/type/%d0%bf%d1%80%d0%be%d0%b4%d0%b0%d0%bd/,200_candidate,Default preservation candidate; verify equivalent migrated content before launch.,taxonomy,makler-realty.ru
https://makler-realty.ru/type/featured/,https://makler-realty.ru/type/featured/,200_candidate,Default preservation candidate; verify equivalent migrated content before launch.,taxonomy,makler-realty.ru
https://makler-realty.ru/type/front/,https://makler-realty.ru/type/front/,200_candidate,Default preservation candidate; verify equivalent migrated content before launch.,taxonomy,makler-realty.ru
https://makler-realty.ru/type/reduced/,https://makler-realty.ru/type/reduced/,200_candidate,Default preservation candidate; verify equivalent migrated content before launch.,taxonomy,makler-realty.ru
